,Label,Brand,Name,Price,Rank,Ingredients,Combination,Dry,Normal,Oily,Sensitive
0,Moisturizer,LA MER,Crème de la Mer,175,4.1,"Algae (Seaweed) Extract, Mineral Oil, Petrolatum, Glycerin, Isohexadecane, Microcrystalline Wax, Lanolin Alcohol, Citrus Aurantifolia (Lime) Extract, Sesamum Indicum (Sesame) Seed Oil, Eucalyptus Globulus (Eucalyptus) Leaf Oil, Sesamum Indicum (Sesame) Seed Powder, Medicago Sativa (Alfalfa) Seed Powder, Helianthus Annuus (Sunflower) Seedcake, Prunus Amygdalus Dulcis (Sweet Almond) Seed Meal, Sodium Gluconate, Copper Gluconate, Calcium Gluconate, Magnesium Gluconate, Zinc Gluconate, Magnesium Sulfate, Paraffin, Tocopheryl Succinate, Niacin, Water, Beta-Carotene, Decyl Oleate, Aluminum Distearate, Octyldodecanol, Citric Acid, Cyanocobalamin, Magnesium Stearate, Panthenol, Limonene, Geraniol, Linalool, Hydroxycitronellal, Citronellol, Benzyl Salicylate, Citral, Sodium Benzoate, Alcohol Denat., Fragrance.",1,1,1,1,1
1,Moisturizer,SK-II,Facial Treatment Essence,179,4.1,"Galactomyces Ferment Filtrate (Pitera), Butylene Glycol, Pentylene Glycol, Water, Sodium Benzoate, Methylparaben, Sorbic Acid.",1,1,1,1,1
3,Moisturizer,LA MER,The Moisturizing Soft Cream,175,3.8,"Algae (Seaweed) Extract, Cyclopentasiloxane, Petrolatum, Glyceryl Distearate, Phenyl Trimethicone, Butylene Glycol, Hydrogenated Vegetable Oil, Cholesterol, Butyrospermum Parkii (Shea Butter), Steareth-10, Dimethicone, Glyceryl Stearate Se, Polysilicone-11, Sesamum Indicum (Sesame) Seed Oil, Medicago Sativa (Alfalfa) Seed Powder, Helianthus Annuus (Sunflower) Seedcake, Prunus Amygdalus Dulcis (Sweet Almond) Seed Meal, Eucalyptus Globulus (Eucalyptus) Leaf Oil, Sodium Gluconate, Copper Gluconate, Calcium Gluconate, Magnesium Gluconate, Zinc Gluconate, Tocopheryl Succinate, Niacin, Sesamum Indicum (Sesame) Seed Powder, Water, Citrus Aurantifolia (Lime) Peel Extract, Laminaria Digitata Extract, Crithmum Maritimum Extract, Salicornia Herbacea Extract, Plankton Extract, Chlorella Vulgaris Extract, Glycine Soja (Soybean) Seed Extract, Glycerin, Caffeine, Sea Salt/Maris Sal/Sel Marin, Micrococcus Lysate, Diethylhexyl Succinate, Adenosine Phosphate, Creatine, Hydrolyzed Algin, Isocetyl Stearoyl Stearate, Cetyl Alcohol, Sucrose, Acetyl Hexapeptide-8, Glucose Oxidase, Polyacrylamide, Acetyl Carnitine Hcl, Glucose, Caprylic/Capric Triglyceride, C13-14 Isoparaffin, Tocopheryl Acetate, Tetrahexyldecyl Ascorbate, Sodium Pca, Glycosaminoglycans, Urea, Distearyldimonium Chloride, Dipalmitoyl Hydroxyproline, Sodium Hyaluronate, Laureth-7, Lecithin, Trehalose, Polyquaternium-51, Lactoperoxidase, Hydroxypropyl Cyclodextrin, Cyanocobalamin, Pentylene Glycol, Fragrance, Disodium Edta, Bht, Citronellol, Hydroxycitronellal, Geraniol, Linalool, Limonene, Potassium Sorbate, Phenoxyethanol",1,1,1,1,1
8,Moisturizer,KIEHL'S SINCE 1851,Ultra Facial Cream,29,4.4,"Water, Glycerin, Cyclohexasiloxane, Squalane, Bis-Peg-18 Methyl Ether Dimethyl Silane, Sucrose Stearate, Stearyl Alcohol, Peg-8 Stearate, Urea, Myristyl Myristate, Pentaerythrityl Tetraethylhexanoate, Prunus Armeniaca Kernel Oil, Phenoxyethanol, Persea Gratissima Oil, Olea Europaea Oil, Oryza Sativa Bran Oil, Cetyl Alcohol, Glyceryl Stearate, Imperata Cylindrica Root Extract, Stearic Acid, Methylparaben, Chlorphenesin, Palmitic Acid, Disodium Edta, Acrylates/C10-30 Alkyl Acrylate Crosspolymer, Propylparaben, Carbomer, Triethanolamine, Prunus Amygdalus Dulcis Oil, Xanthan Gum, Sodium Hydroxide, Tocopherol, Pseudoalteromonas Ferment Extract, Hydroxypalmitoyl Sphinganine, Caprylyl Glycol.",1,1,1,1,1
9,Moisturizer,LA MER,Little Miss Miracle Limited-Edition Crème de la Mer,325,5.0,"Algae (Seaweed) Extract, Mineral Oil, Petrolatum, Glycerin, Isohexadecane, Microcrystalline Wax, Lanolin Alcohol, Citrus Aurantifolia (Lime) Extract, Sesamum Indicum (Sesame) Seed Oil, Eucalyptus Globulus (Eucalyptus) Leaf Oil, Sesamum Indicum (Sesame) Seed Powder, Medicago Sativa (Alfalfa) Seed Powder, Helianthus Annuus (Sunflower) Seedcake, Prunus Amygdalus Dulcis (Sweet Almond) Seed Meal, Sodium Gluconate, Copper Gluconate, Calcium Gluconate, Magnesium Gluconate, Zinc Gluconate, Magnesium Sulfate, Paraffin, Tocopheryl Succinate, Niacin, Water, Beta-Carotene, Decyl Oleate, Aluminum Distearate, Octyldodecanol, Citric Acid, Cyanocobalamin, Magnesium Stearate, Panthenol, Limonene, Geraniol, Linalool, Hydroxycitronellal, Citronellol, Benzyl Salicylate, Citral, Sodium Benzoate, Alcohol Denat., Fragrance.",0,0,0,0,0
11,Moisturizer,KIEHL'S SINCE 1851,Midnight Recovery Concentrate,47,4.4,"Caprylic/Capric Triglyceride Dicaprylyl Carbonate Squalane Rosa Canina Fruit Oil Oenothera Biennis Oil, Evening Primrose Oil Simmondsia Chinensis Oil, Jojoba Seed Oil Coriandrum Sativum Oil, Coriander Seed Oil Tocopherol Lavandula Angustifolia Oil, Lavender Oil Pelargonium Graveolens Flower Oil Linalool Rosmarinus Officinalis Leaf Oil, Rosemary Leaf Oil Citronellol Geraniol Lavandula Hybrida Oil Cucumis Sativus Extract, Cucumber Fruit Extract Curcuma Longa Extract, Turmeric Root Extract Limonene Citral Sclareolide Rosa Spp, Rose Flower Oil Jasminum Officinale Extract, Jasmine Extract Helianthus Annuus Seed Oil, Sunflower Seed Oil.",1,1,1,1,1
19,Moisturizer,SK-II,R.N.A. POWER Face Cream,230,4.3,"Water, Glycerin, Galactomyces Ferment Filtrate*, Isohexadecane, Niacinamide, Isopropyl Isostearate, Butylene Glycol, Butyrospermum Parkii (Shea) Butter, Caprylic/Capric Triglyceride, Pentylene Glycol, Dimethicone, Phytosteryl/Behenyl/Octyldodecyl Lauroyl Glutamate, Vinyl Dimethicone/Methicone Silsesquioxane Crosspolymer, Stearyl Alcohol, Sodium Acrylate/Sodium Acryloyldimethyl Taurate Copolymer, Cetyl Alcohol, Behenyl Alcohol, Panthenol, Tocopheryl Acetate, Benzyl Alcohol, Dimethiconol, Cetearyl Alcohol, Cetearyl Glucoside, Methylparaben, Peg-100 Stearate, Polymethylsilsesquioxane, Polysorbate 80, Stearic Acid, Disodium Edta, Propylparaben, Sodium Peg-7 Olive Oil Carboxylate, Ethylparaben, Sorbitan Oleate, Chlorella Vulgaris Extract, Peg-100 Stearate, Peg-7 Glyceryl Cocoate, Sodium Hydroxide, Fragrance, Acanthopanax Senticosus (Eleuthero) Root Extract, Hydrolyzed Soy Protein, Cynara Scolymus (Artichoke) Leaf Extract, Polyquaternium-7, Hydrolyzed Yeast Protein, Palmitoyl Pentapeptide-4, Methylsilanol Tri-Peg-8 Glyceryl Cocoate, Methicone, Ci 77891, Ci 77492. *Pitera™.",0,1,1,0,1
20,Moisturizer,LA MER,Crème de la Mer Mini,85,4.1,"Algae (Seaweed) Extract, Mineral Oil, Petrolatum, Glycerin, Isohexadecane, Microcrystalline Wax, Lanolin Alcohol, Citrus Aurantifolia (Lime) Extract, Sesamum Indicum (Sesame) Seed Oil, Eucalyptus Globulus (Eucalyptus) Leaf Oil, Sesamum Indicum (Sesame) Seed Powder, Medicago Sativa (Alfalfa) Seed Powder, Helianthus Annuus (Sunflower) Seedcake, Prunus Amygdalus Dulcis (Sweet Almond) Seed Meal, Sodium Gluconate, Copper Gluconate, Calcium Gluconate, Magnesium Gluconate, Zinc Gluconate, Magnesium Sulfate, Paraffin, Tocopheryl Succinate, Niacin, Water, Beta-Carotene, Decyl Oleate, Aluminum Distearate, Octyldodecanol, Citric Acid, Cyanocobalamin, Magnesium Stearate, Panthenol, Limonene, Geraniol, Linalool, Hydroxycitronellal, Citronellol, Benzyl Salicylate, Citral, Sodium Benzoate, Alcohol Denat., Fragrance.",1,1,1,1,1
29,Moisturizer,SK-II,GenOptics Aura Essence Serum,240,4.1,"Water, Galactomyces Ferment Filtrate (Pitera), Niacinamide, Butylene Glycol, Triethylhexanoin, Pentylene Glycol, Glycerin, Nylon-12, Phytosteryl/Octyldodecyl Lauroyl Glutamate, Polymethylsilsesquioxane, Boron Nitride, Panthenol, PEG-20 Sorbitan Cocoate, Inositol, Caprylic/Capric Triglyceride, Mica, Phenoxyethanol, Acrylates/C10-30 Alkyl Acrylate Crosspolymer, PEG-11 Methyl Ether Dimethicone, Polyacrylamide, Aminomethyl Propanol, Undecylenoyl Phenylalanine, Benzyl Alcohol, C13-14 Isoparaffin, Disodium EDTA, Hydrolyzed Prunus Domestica, Xanthan Gum, Sodium Benzoate, Hexyldecanol, Laureth-7, Citrus Reticulata Peel Extract/Citrus Reticulata (Tangerine) Peel Extract, Methylparaben, Ascorbyl Glucoside, Prunus Mume Fruit Extract, Tocopherol, Fragrance, Limonene, Citronellol, Linalool, Geraniol, Ci 77891 (Titanium Dioxide).",1,1,1,1,1
38,Moisturizer,SK-II,Facial Treatment Essence Mini,99,4.1,"Galactomyces Ferment Filtrate (Pitera), Butylene Glycol, Pentylene Glycol, Water, Sodium Benzoate, Methylparaben, Sorbic Acid.",1,1,1,1,1
52,Moisturizer,LA MER,The Renewal Oil,245,4.2,"Limnanthes Alba (Meadowfoam) Seed Oil, Dimethicone, Caprylic/Capric Triglyceride, Water, Trisiloxane, Prunus Amygdalus Dulcis (Sweet Almond) Oil, Simmondsia Chinensis (Jojoba) Seed Oil, Polydecene, Hydrogenated Polydecene, Butylene Glycol, Propanediol, Glycerin, Algae (Seaweed) Extract, Brassica Campestris (Rapeseed) Seed Oil, Helianthus Annuus (Sunflower) Seed Oil, Sesamum Indicum (Sesame) Seed Oil, Eucalyptus Globulus (Eucalyptus) Leaf Oil, Camelina Sativa Seed Oil, Oxycoccus Palustris (Cranberry) Seed Oil, Olea Europaea (Olive) Fruit Oil, Hippophae Rhamnoides Oil, Medicago Sativa (Alfalfa) Seed Powder, Helianthus Annuus (Sunflower) Seedcake, Prunus Amygdalus Dulcis (Sweet Almond) Seed Meal, Sodium Gluconate, Copper Gluconate, Calcium Gluconate, Magnesium Gluconate, Zinc Gluconate, Tocopheryl Succinate, Niacin, Sesamum Indicum (Sesame) Seed Powder, Laminaria Ochroleuca Extract, Laminaria Saccharina Extract, Hydrolyzed Algin, Sea Salt/Maris Sal/Sel Marin, Chlorella Vulgaris Extract, Salicornia Herbacea Extract, Sigesbeckia Orientalis (St. Paul'S Wort) Extract, Laminaria Digitata Extract, Rosmarinus Officinalis (Rosemary) Leaf Extract, Magnolia Officinalis Bark Extract, Yeast Extract/Faex/Extrait De Levure, Crithmum Maritimum Extract, Commiphora Mukul Resin Extract, Citrus Aurantifolia (Lime) Peel Extract, Molasses Extract/Saccharum Officinarum/Extrait De Melasse, Sucrose, Acetyl Hexapeptide-8, Acetyl Glucosamine, Caffeine, Tocopheryl Acetate, Phenyl Trimethicone, Sodium Chloride, Tetrahexyldecyl Ascorbate, Alcohol Denat., Fragrance, Hexyl Cinnamal, Linalool, Amyl Cinnamal, Geraniol, Limonene, Citral, Benzyl Benzoate, Coumarin, Citronellol, Bht, Phenoxyethanol, Yellow 5 (Ci 19140), Yellow 6 (Ci 15985)",1,1,1,1,1
57,Moisturizer,ESTÉE LAUDER,Micro Essence Skin Activating Treatment Lotion,100,4.4,"Micro Essence Skin Act Treat Lot Division: El (Estee Lauder)Ingredients: Water , Bifida Ferment Lysate , Peg-75 , Propanediol , Butylene Glycol , Betaine , Pentylene Glycol , Lactobacillus Ferment , Acetyl Hexapeptide-8 , Acetyl Glucosamine , Trehalose , Caffeine , Sodium Hyaluronate , Anthemis Nobilis (Chamomile) , Caprylyl Glycol , Carbomer , Ppg-5-Ceteth-20 , Citric Acid , Potassium Sorbate , Sodium Citrate , Tromethamine , Disodium Edta , Phenoxyethanol",0,0,0,0,0
73,Moisturizer,ESTÉE LAUDER,Revitalizing Supreme Global Anti-Aging Crème,82,4.4,"Revitalizing Supreme+ Cell Pwr Crm Division: El (Estee Lauder)Ingredients: Water , Dimethicone , Glycerin , Isohexadecane , Butylene Glycol , Bis-Peg-18 Methyl Ether Dimethyl Silane , Peg-10 Dimethicone , Disteardimonium Hectorite , Pentylene Glycol , Cucumis Sativus (Cucumber) Fruit Extract , Narcissus Tazetta Bulb Extract , Magnolia Officinalis Bark Extract , Hordeum Vulgare (Barley) Extract/Extrait D'Orge , Sigesbeckia Orientalis (St. Paul'S Wort) Extract , Lens Esculenta (Lentil) Fruit Extract , Pyrus Malus (Apple) Fruit Extract , Whey Protein/Lactis Protein/Proteine Du Petit-Lait , Citrullus Vulgaris (Watermelon) Fruit Extract , Moringa Oleifera Seed Extract , Laminaria Digitata Extract , Triticum Vulgare (Wheat) Germ Extract , Opuntia Tuna Extract , Acetyl Hexapeptide-8 , Sorbitol , Helianthus Annuus (Sunflower) Seedcake , Caffeine , Algae Extract , Sodium Hyaluronate , Sodium Lactate , Squalane , Polysilicone-11 , Isododecane , Tocopheryl Acetate , Sucrose , Acetyl Glucosamine , Polyethylene , Propylene Carbonate , Citric Acid , Peg-32 , Propylene Glycol Dicaprate , Peg-6 , Isoceteth-20 , Sodium Dehydroacetate , Aminopropyl Ascorbyl Phosphate , Fragrance , Sodium Pca , Sodium Citrate , Disodium Edta , Bht , Phenoxyethanol , Iron Oxides (Ci 77491)",0,0,0,0,0
97,Moisturizer,LA MER,The Concentrate Mini,190,0.0,"Cyclopentasiloxane, Algae (Seaweed) Extract, Glycerin, Dimethicone, Polysilicone-11, Isononyl Isononanoate, Dimethicone/Peg-10/15 Crosspolymer, Sesamum Indicum (Sesame) Seed Oil, Medicago Sativa (Alfalfa) Seed Powder, Helianthus Annuus (Sunflower) Seedcake, Prunus Amygdalus Dulcis (Sweet Almond) Seed Meal, Eucalyptus Globulus (Eucalyptus) Leaf Oil, Sodium Gluconate, Copper Gluconate, Calcium Gluconate, Magnesium Gluconate, Zinc Gluconate, Tocopheryl Succinate, Niacin, Sesamum Indicum (Sesame) Seed Powder, Water, Dimethicone Crosspolymer, Helichrysum Arenarium (Everlasting) Extract, Laminaria Ochroleuca Extract, Triticum Vulgare (Wheat) Flour Lipids, Citrus Aurantifolia (Lime) Peel Extract, Crithmum Maritimum Extract, Alteromonas Ferment Extract, Chlorella Vulgaris Extract, Yeast Extract/Faex/Extrait De Levure, Cholesterol, Linoleic Acid, Tetraacetylphytosphingosine, Caprylic/Capric Triglyceride, Rosmarinus Officinalis (Rosemary) Leaf Oil, Ocimum Basilicum (Basil) Oil, Lavandula Angustifolia (Lavender) Oil, Lavandula Hybrida (Lavandin) Oil, Dipropylene Glycol, Sodium Citrate, Limonene, Linalool, Phenoxyethanol",0,0,0,0,0
98,Moisturizer,LA MER,The Moisturizing Cool Gel Cream,175,3.3,Visit the La Mer boutique,1,1,1,1,1
116,Moisturizer,SK-II,Facial Treatment Essence Karan Singh Limited Edition,229,0.0,"Galactomyces Ferment Filtrate*, Butylene Glycol, Pentylene Glycol, Water, Sodium Benzoate, Methylparaben, Sorbic Acid. *PITERA™.",0,0,0,0,0
118,Moisturizer,KIEHL'S SINCE 1851,Super Multi-Corrective Cream,84,4.3,"Water, Glycerin, Dicaprylyl Ether, Butyrospermum Parkii Butter/Shea Butter, Hydroxypropyl Tetrahydropyrantriol, Isononyl Isononanoate, Isopropyl Isostearate, Propylene Glycol, Sodium Tetrahydrojasmonate, Cetyl Alcohol, Dimethicone, Behenyl Alcohol, Dipropylene Glycol, Stearic Acid, Glyceryl Stearate, Palmitic Acid, Phenoxyethanol, Cetearyl Alcohol, Carbomer, Arachidyl Alcohol, Caprylyl Glycol, PEG-100 Stearate, Xanthan Gum, Sodium Hydroxide, Cetearyl Glucoside, Stearyl Alcohol, Hydrolyzed Hyaluronic Acid, Disodium EDTA, Rosmarinus Officinalis Leaf Oil/Rosemary Leaf Oil, Adenosine, Limonene, Pelargonium Graveolens Flower Oil, Lavandula Hybrida Oil, Cucumis Sativus Fruit Extract/Cucumber Fruit Extract, Curcuma Longa Extract/Turmeric Root Extract, Sclareolide, Rosa SPP/Rose Flower Oil, Jasminum Officinale Extract/ Jasmine Extract, Citric Acid.",0,0,0,0,0
125,Moisturizer,KIEHL'S SINCE 1851,Daily Reviving Concentrate,47,4.7,"Caprylic/Capric Triglyceride, Dicaprylyl Ether, Dicaprylyl Carbonate, Squalane, Canola Oil Sunflower Seed Oil Unsaponifiables, Tocopherol, Limonene, Orange Peel Oil, Coriander Seed Oil, Calophyllum Inophyllum Seed Oil, Rosa Rubiginosa Seed Oil, Grapefruit Peel Oil, Ginger Root Oil, Linalool, Citral, Geraniol, Acerola Fruit Extract.",1,1,1,1,1
138,Moisturizer,ESTÉE LAUDER,Nutritious Vitality8™ Radiant Moisture Creme,65,4.0,Visit the Estée Lauder boutique,0,0,0,0,0
147,Moisturizer,SK-II,GenOptics Spot Essence Serum,225,4.2,"Water, Galactomyces Ferment Filtrate*, Butylene Glycol, Cyclopentasiloxane, Niacinamide, Triethylhexanoin, Glycerin, Pentylene Glycol, Nylon-12, Phytosteryl/Octyldodecyl Lauroyl Glutamate, Inositol, Polymethylsilsesquioxane, Boron Nitride, Caprylic/Capric Triglyceride, Panthenol, Peg-20 Sorbitan Cocoate, Dimethicone/Vinyl Dimethicone Crosspolymer, Acrylates/C10-30 Alkyl Acrylate Crosspolymer, Phenoxyethanol, Peg-11 Methyl Ether Dimethicone, Polyacrylamide, Laureth-7, Benzyl Alcohol, Aminomethyl Propanol, C13-14 Isoparaffin, Disodium Edta, Methylparaben, Hexyldecanol, Sodium Benzoate, Xanthan Gum, Ascorbyl Glucoside, Laminaria Saccharina Extract, Tocopherol, Zea Mays Oil/Zea Mays (Corn) Oil, Methicone, Ci 77492 (Iron Oxides), Ci 75130 (Beta-Carotene). *Pitera™.",1,1,1,1,1
153,Moisturizer,KIEHL'S SINCE 1851,Ultra Facial Oil-Free Gel-Cream,29,4.1,"Water, Glycerin, Alcohol Denat., Dimethicone, Isononyl Isononanoate, Carbomer, Imperata Cylindrica Root Extract, Dimethiconol, Caprylyl Glycol, Chlorphenesin, Sodium Hydroxide, Xanthan Gum, Pseudoalteromonas Ferment Extract, Tetrasodium Edta, Tocopheryl Acetate, Menthoxypropanediol, Phenoxyethanol, Biosaccharide Gum-1, Acrylates/C10-30 Alkyl Acrylate Crosspolymer.",1,0,1,0,0
162,Moisturizer,LA MER,The Moisturizing Soft Lotion,270,3.6,"Algae (Seaweed) Extract, Petrolatum, Isocetyl Stearoyl Stearate, Butyrospermum Parkii (Shea Butter), Butylene Glycol, Cyclopentasiloxane, Dimethicone, Glyceryl Stearate, Cetyl Esters, Phenyl Trimethicone, Diethylhexyl Succinate, Cyclohexasiloxane, Cholesterol, Steareth-10, Glyceryl Stearate Se, Polysilicone-11, Sesamum Indicum (Sesame) Seed Oil, Medicago Sativa (Alfalfa) Seed Powder, Helianthus Annuus (Sunflower) Seedcake, Prunus Amygdalus Dulcis (Sweet Almond) Seed Meal, Eucalyptus Globulus (Eucalyptus) Leaf Oil, Sodium Gluconate, Copper Gluconate, Calcium Gluconate, Magnesium Gluconate, Zinc Gluconate, Tocopheryl Succinate, Niacin, Sesamum Indicum (Sesame) Seed Powder, Water, Salicornia Herbacea Extract, Sigesbeckia Orientalis (St. Paul'S Wort) Extract, Citrus Aurantifolia (Lime) Peel Extract, Sea Salt/Maris Sal/Sel Marin, Chlorella Vulgaris Extract, Hydrolyzed Rice Extract, Micrococcus Lysate, Laminaria Digitata Extract, Plankton Extract, Caffeine, Glucose Oxidase, Trehalose, Sucrose, Acetyl Hexapeptide-8, Lactoperoxidase, Hydrolyzed Algin, Glyceryl Dilaurate, Alcaligenes Polysaccharides, Isohexadecane, Caprylic/Capric Triglyceride, Dipalmitoyl Hydroxyproline, Distearyldimonium Chloride, Glycerin, Tocopheryl Acetate, Steareth-21, Polyquaternium-51, Saccharide Isomerate, Tetrahexyldecyl Ascorbate, Sodium Pca, Urea, Glucose, Polysorbate 80, Sodium Hyaluronate, Cetyl Alcohol, Alcohol Denat., Acrylamide/Sodium Acryloyldimethyltaurate Copolymer, Fragrance, Lecithin, Bht, Linalool, Citronellol, Hydroxycitronellal, Geraniol, Limonene, Benzyl Salicylate, Phenoxyethanol",1,1,1,1,1
176,Moisturizer,LA MER,The Renewal Oil Mini,130,4.0,"Limnanthes Alba (Meadowfoam) Seed Oil, Dimethicone, Caprylic/Capric Triglyceride, Water, Trisiloxane, Prunus Amygdalus Dulcis (Sweet Almond) Oil, Simmondsia Chinensis (Jojoba) Seed Oil, Polydecene, Hydrogenated Polydecene, Butylene Glycol, Propanediol, Glycerin, Algae (Seaweed) Extract, Brassica Campestris (Rapeseed) Seed Oil, Helianthus Annuus (Sunflower) Seed Oil, Sesamum Indicum (Sesame) Seed Oil, Eucalyptus Globulus (Eucalyptus) Leaf Oil, Camelina Sativa Seed Oil, Oxycoccus Palustris (Cranberry) Seed Oil, Olea Europaea (Olive) Fruit Oil, Hippophae Rhamnoides Oil, Medicago Sativa (Alfalfa) Seed Powder, Helianthus Annuus (Sunflower) Seedcake, Prunus Amygdalus Dulcis (Sweet Almond) Seed Meal, Sodium Gluconate, Copper Gluconate, Calcium Gluconate, Magnesium Gluconate, Zinc Gluconate, Tocopheryl Succinate, Niacin, Sesamum Indicum (Sesame) Seed Powder, Laminaria Ochroleuca Extract, Laminaria Saccharina Extract, Hydrolyzed Algin, Sea Salt/Maris Sal/Sel Marin, Chlorella Vulgaris Extract, Salicornia Herbacea Extract, Sigesbeckia Orientalis (St. Paul'S Wort) Extract, Laminaria Digitata Extract, Rosmarinus Officinalis (Rosemary) Leaf Extract, Magnolia Officinalis Bark Extract, Yeast Extract/Faex/Extrait De Levure, Crithmum Maritimum Extract, Commiphora Mukul Resin Extract, Citrus Aurantifolia (Lime) Peel Extract, Molasses Extract/Saccharum Officinarum/Extrait De Melasse, Sucrose, Acetyl Hexapeptide-8, Acetyl Glucosamine, Caffeine, Tocopheryl Acetate, Phenyl Trimethicone, Sodium Chloride, Tetrahexyldecyl Ascorbate, Alcohol Denat., Fragrance, Hexyl Cinnamal, Linalool, Amyl Cinnamal, Geraniol, Limonene, Citral, Benzyl Benzoate, Coumarin, Citronellol, Bht, Phenoxyethanol, Yellow 5 (Ci 19140), Yellow 6 (Ci 15985)",1,1,1,1,1
184,Moisturizer,ESTÉE LAUDER,Advanced Time Zone Night Age Reversing Line/Wrinkle Crème,80,4.7,"Adv Timezone Night Age Rvr Lw Crm Division: El (Estee Lauder)Ingredients: Water , Bis-Diglyceryl Polyacyladipate-2 , Hdi/Ppg/Polycaprolactone Crosspolymer , Simmondsia Chinensis (Jojoba) Seed Oil , Glycerin , Caprylic/Capric Triglyceride , C12-20 Acid Peg-8 Ester , Dimethicone , Butylene Glycol , Sucrose , Cetyl Alcohol , Citrullus Vulgaris (Watermelon) Fruit Extract , Sigesbeckia Orientalis (St. Paul'S Wort) Extract , Pyrus Malus (Apple) Fruit Extract , Lens Esculenta (Lentil) Fruit Extract , Centaurium Erythraea (Centaury) Extract , Hordeum Vulgare (Barley) Extract/Extrait D'Orge , Cucumis Sativus (Cucumber) Fruit Extract , Tamarindus Indica Seed Extract , Salicornia Herbacea Extract , Polygonum Cuspidatum Root Extract , Vitis Vinifera (Grape) Seed Extract , Hydrolyzed Rice Extract , Rosmarinus Officinalis (Rosemary) Extract , Selaginella Tamariscina (Spike Moss) Extract , Humulus Lupulus (Hops) Extract , Citrus Reticulata (Tangerine) Peel Extract , Rhodochrosite Extract , Cucumis Melo (Melon) Fruit Extract , Yeast Extract/Faex/Extrait De Levure , Limonium Vulgare Flower/Leaf/Stem Extract , Whey Protein/Lactis Protein/Proteine Du Petit-Lait , Thermus Thermophillus Ferment , Persea Gratissima (Avocado) Oil , Punica Granatum (Pomegranate) Fruit Juice , Cholesterol , Linoleic Acid , Caffeine , Acetyl Glucosamine , Linolenic Acid , Adenosine Phosphate , Phospholipids , Acetyl Hexapeptide-8 , Ammonium Acryloyldimethyltaurate/Vp Copolymer , Behenyl Alcohol , Saccharide Isomerate , Peg-100 Stearate , Phytosterols , Tocopheryl Acetate , Triolein , Glyceryl Stearate , Trehalose , Potassium Cetyl Phosphate , Caprylyl Glycol , Propylene Glycol Dicaprate , Sodium Pca , Helianthus Annuus (Sunflower) Seedcake , Propylene Glycol Dicaprylate , Xanthan Gum , Acrylates/C10-30 Alkyl Acrylate Crosspolymer , Sodium Hyaluronate , Sodium Lactate , Dipalmitoyl Hydroxyproline , Phytosteryl Canola Glycerides , Oleic Acid , Palmitic Acid , Stearic Acid , Potassium Sulfate , Acrylamide/Sodium Acryloyldimethyltaurate Copolymer , Decarboxy Carnosine Hcl , Isohexadecane , Nordihydroguaiaretic Acid , Carbomer , Polysorbate 80 , Cyclodextrin , Fragrance , Silica , Ethylbisiminomethylguaiacol Manganese Chloride , Sodium Hydroxide , Phenoxyethanol , Red 33 (Ci 17200) , Blue 1 (Ci 42090)",0,0,0,0,0
201,Moisturizer,ESTÉE LAUDER,"Resilience Lift Firming/Sculpting Face and Neck Creme Broad Spectrum SPF 15, Normal/Combination Skin",108,4.1,"Res Lift Firm/Sclp Face Nc Spf15 Division: El (Estee Lauder)Active Ingredients: Avobenzone 3.00% , Octisalate 5.00% , Octocrylene 2.70%Ingredients: Water , Neopentyl Glycol Diheptanoate , Cetyl Alcohol , Pentaerythrityl Tetraethylhexanoate , Glycerin , Polyethylene , Butyloctyl Salicylate , Di-C12-15 Alkyl Fumarate , Petrolatum , Hydrogenated Lecithin , Butylene Glycol , Propanediol , Hydrogenated Polyisobutene , Octyldodecyl Myristate , Hexyldecyl Stearate , Dimethicone , Glyceryl Stearate , Laminaria Digitata Extract , Behenyl Alcohol , Algae Extract , Persea Gratissima (Avocado) Oil , Coleus Barbatus Extract , Cucumis Melo (Melon) Fruit Extract , Potato Starch Modified , Mimosa Tenuiflora Bark Extract , Yeast Extract/Faex/Extrait De Levure , Plankton Extract , Aminopropyl Ascorbyl Phosphate , Thermus Thermophillus Ferment , Saccharomyces Ferment Lysate Filtrate , Artemia Extract , C12-16 Alcohols , Acetyl Glucosamine , Linoleic Acid , Whey Protein/Lactis Protein/Proteine Du Petit-Lait , Peg-100 Stearate , Tocopheryl Acetate , Caffeine , Ergothioneine , Glycine Soja (Soybean) Sterols , Decarboxy Carnosine Hcl , Palmitic Acid , Creatine , Ethylhexylglycerin , Polymethyl Methacrylate , Trehalose , Glucose , Sodium Hyaluronate , Sorbitol , Zinc Pca , Cholesterol , Malachite , Acetyl Hexapeptide-8 , Maltodextrin , Lecithin , Acrylamide/Sodium Acryloyldimethyltaurate Copolymer , Isohexadecane , Sodium Hydroxide , Polysorbate 80 , Lactoperoxidase , Hexylene Glycol , Hydrogenated Starch Hydrolysate , Potassium Sulfate , Glucose Oxidase , Polysilicone-11 , Propylene Glycol Dicaprylate , Xanthan Gum , Caprylyl Glycol , Citric Acid , Fragrance , Bht , Disodium Edta , Phenoxyethanol , Potassium Sorbate , Mica , Titanium Dioxide (Ci 77891) , Red 4 (Ci 14700) , Yellow 5 (Ci 19140)",0,0,0,0,0
202,Moisturizer,ESTÉE LAUDER,Resilience Lift Night Lifting/Firming Face and Neck Creme,92,4.2,Visit the Estée Lauder boutique,1,1,1,1,0
207,Moisturizer,KIEHL'S SINCE 1851,Ultra Facial Overnight Hydrating Mask,35,4.4,"Water Glycerin, Propylene Glycol, Squalane, Shea Butter, Triethanolamine, Carbomer, Urea, Dimethicone, Hydroxyethylpiperazine Ethane Sulfonic Acid, Phenoxyethanol, Caprylyl Glycol, Imperata Cylindrica Root Extract, Ophiopogon Japonicus Root Extract, Sodium Citrate, Citric Acid, Aluminum Starch Octenylsuccinate, Chlorphenesin, Pseudoalteromonas Ferment Extract, Disodium Edta, Acrylates/C10-30 Alkyl Acrylate Crosspolymer.",1,1,1,1,1
208,Moisturizer,SK-II,Cellumination Cream EX,160,4.3,"Water, Galactomyces Ferment Filtrate (Pitera), Glycerin, Niacinamide, Butylene Glycol, Pentylene Glycol, Diphenylsiloxy Phenyl Trimethicone, Glycereth-25 PCA Isostearate, Dipotassium Glycyrrhizate, Ascorbyl Glucoside, Centella Asiatica Extract, Nylon-12, Sodium Hyaluronate, Saccharomyces Cerevisiae Extract, Acrylates/C10-30 Alkyl Acrylate Crosspolymer, Aminomethyl Propanol, Disodium EDTA, Xanthan Gum, Benzyl Alcohol, Sodium Benzoate, Phenoxyethanol, Methylparaben, Fragrance.",1,1,1,1,1
221,Moisturizer,KIEHL'S SINCE 1851,Ultra Facial Moisturizer,29,3.9,"Water Squalane, Glycerin, Peg-100 Stearate, Glyceryl Stearate, Butylene Glycol, Triethanolamine, Phenoxyethanol, Sorbitan Oleate, Carbomer, Methylparaben, Propylparaben, Stearic Acid, Beeswax, Myristyl Alcohol, Sweet Almond Oil, Apricot Kernel Oil, Tocopherol, Avocado Oil.",1,1,1,1,1
231,Moisturizer,ESTÉE LAUDER,Advanced Night Repair Intensive Recovery Ampoules,115,4.9,"Advanced Night Rpr Int Rcv Ampoule Division: El (Estee Lauder)Ingredients: Caprylic/Capric Triglyceride , Squalane , Aleurites Moluccana (Kukui) Seed Oil , Prunus Armeniaca (Apricot) Kernel Oil , Bisabolol , Garcinia Mangostana Peel Extract , Salicornia Herbacea Extract , Magnolia Officinalis Bark Extract , Salvia Hispanica Seed Extract , Anthemis Nobilis (Chamomile) Flower Extract , Rosmarinus Officinalis (Rosemary) Leaf Extract , Coffea Arabica (Coffee) Seed Extract , Helianthus Annuus (Sunflower) Seed Oil , Camelina Sativa Seed Oil , Vaccinium Myrtillus Seed Oil , Tocopheryl Acetate , Cholesterol , Linoleic Acid , Tetrahexyldecyl Ascorbate , Bht",1,1,1,1,1
240,Moisturizer,ESTÉE LAUDER,Revitalizing Supreme+ Global Anti-Aging Cell Power Creme SPF 15,82,4.0,Visit the Estée Lauder boutique,1,1,1,1,1
271,Moisturizer,ESTÉE LAUDER,"DayWear Advanced Multi-Protection Anti-Oxidant Creme, Normal/Combination",54,4.1,Visit the Estée Lauder boutique,0,0,0,0,0
281,Moisturizer,SK-II,Facial Treatment Oil,150,4.5,"Galactomyces Ferment Filtrate*, Squalane, Simmondsia Chinensis Seed Oil/Simmondsia Chinensis (Jojoba) Seed Oil, Persea Gratissima (Avocado) Oil, Olea Europaea Fruit Oil/OleaEuropaea (Olive) Fruit Oil, Oryza Sativa Bran Oil/Oryza Sativa (Rice) Bran Oil, Water, Glycerin, Butylene Glycol, Tocopheryl Acetate, Phytosteryl Oleate, Sodium Benzoate, PVP, Methylparaben, Benzyl Alcohol, Phenoxyethanol, Disodium EDTA, Sodium Hyaluronate, Xanthan Gum, Tocopherol, Fragrance, Linalool. *Pitera.",0,0,0,0,0
282,Moisturizer,KIEHL'S SINCE 1851,Ultra Facial Cream SPF 30,29,4.2,"Water, Glycerin, Squalane, Dimethicone, Peg-100 Stearate, Glyceryl Stearate, Silica, Octyldodecanol, Stearic Acid, Phenoxyethanol, Palmitic Acid, Tocopherol, Dicaprylyl Carbonate, Steareth-100, Acrylates/C10-30 Alkyl Acrylate Crosspolymer, Ophiopogon Japonicus Root Extract, Carbomer, Chlorphenesin, Capryloyl Salicylic Acid, Caprylyl Glycol, Xanthan Gum, Dimethicone/Vinyl Dimethicone Crosspolymer, Disodium Edta, Sodium Hydroxide, Citrus Aurantium Dulcis (Orange) Peel Oil, Limonene, Ectoin, Hydrolyzed Hyaluronic Acid, Myristic Acid, Mentha Piperita (Peppermint) Oil, Pseudoalteromonas Ferment Extract, Ethylhexylglycerin, Linalool, Salicylic Acid.",1,1,1,1,1
289,Moisturizer,KIEHL'S SINCE 1851,Ultra Facial Deep Moisture Balm,29,4.7,"Water, Glycerin, Shea Butter, Glyceryl Stearate, Ethylhexyl Palmitate, Squalane, Cetyl Alcohol, Cocoa Seed Butter, Mannose, Peg-100 Stearate, Carnauba Wax, Phenoxyethanol, Caprylyl Glycol, Sorbic Acid, Tocopherol, Sodium Polyacrylate, Leontopodium Alpinum Extract, Sodium Hydroxide, Stearyl Alcohol, Ceramide 3, Myristyl Alcohol, Adenosine, Capryloyl Salicylic Acid, Pseudoalteromonas Ferment Extract, Lavender Oil, Linalool.",0,1,1,0,0
293,Moisturizer,LA MER,The Moisturizing Matte Lotion,270,3.9,"Water, Algae (Seaweed) Extract, Propanediol, Squalane, Propylene Glycol Dicaprylate/Dicaprate, Methyl Methacrylate Crosspolymer, Hydrogenated Lecithin, Butylene Glycol, Octyldodecyl Neopentanoate, Glyceryl Stearate Se, Sesamum Indicum (Sesame) Seed Oil, Medicago Sativa (Alfalfa) Seed Powder, Helianthus Annuus (Sunflower) Seedcake, Prunus Amygdalus Dulcis (Sweet Almond) Seed Meal, Eucalyptus Globulus (Eucalyptus) Leaf Oil, Sodium Gluconate, Copper Gluconate, Calcium Gluconate, Magnesium Gluconate, Zinc Gluconate, Tocopheryl Succinate, Niacin, Sesamum Indicum (Sesame) Seed Powder, Citrus Aurantifolia (Lime) Peel Extract, Nylon-12, Sucrose, Salicornia Herbacea Extract, Hydrolyzed Rice Extract, Sea Salt/Maris Sal/Sel Marin, Laminaria Saccharina Extract, Crithmum Maritimum Extract, Chlorella Vulgaris Extract, Padina Pavonica Thallus Extract, Macrocystis Pyrifera (Kelp) Extract, Spirulina Platensis (Algae) Powder, Plankton Extract, Hydrolyzed Algin, Sigesbeckia Orientalis (St. Paul'S Wort) Extract, Glycerin, Laminaria Digitata Extract, Sodium Hyaluronate, Glucose Oxidase, Lactoperoxidase, Acetyl Hexapeptide-8, Dipalmitoyl Hydroxyproline, Caffeine, Glucose, Caprylic/Capric Triglyceride, Behenyl Alcohol, Dimethicone, Tocopheryl Acetate, Acrylamide/Sodium Acryloyldimethyltaurate Copolymer, Tetrahexyldecyl Ascorbate, Polyacrylate Crosspolymer-6, Isohexadecane, Lecithin, Potassium Stearate, Hydrogenated Vegetable Oil, Kaolin, Polysorbate 80, Fragrance, Xanthan Gum, Alcohol Denat., Disodium Edta, Bht, Limonene, Linalool, Citral, Hydroxycitronellal, Citronellol, Geraniol, Benzyl Salicylate, Benzyl Benzoate, Phenoxyethanol",0,0,1,1,0
828,Face Mask,SK-II,Facial Treatment Mask,135,4.4,"Water, Saccharomycopsis Ferment Filtrate*, Butylene Glycol, Xanthan Gum, Sodium Salicylate, Methylparaben, Disodium EDTA. *Pitera.",1,1,1,1,1
835,Face Mask,KIEHL'S SINCE 1851,Rare Earth Deep Pore Cleansing Masque,33,4.7,"Water, Kaolin, Bentonite, Propanediol, Glycerin, CI 77891/Titanium Dioxide, Caprylic/Capric Triglyceride, Cetearyl Alcohol, Zea Mays Starch/Corn Starch, Phenoxyethanol, Ceteareth-20, Caprylyl Glycol, Xanthan Gum, Ethylhexylglycerin, Tocopherol, Lecithin, Aloe Barbadensis/Aloe Barbadensis Leaf Juice, Avena Sativa Flour/Oat Kernel Flour, Allantoin.",0,0,0,0,0
840,Face Mask,LA MER,The Lifting and Firming Mask,250,4.9,"Declustered Water (-)/Aqua/Eau De-Structuree (-), Declustered Water (+)/Aqua/Eau De-Structuree (+), Dimethicone, Hdi/Trimethylol Hexyllactone Crosspolymer, Cyclopentasiloxane, Hydrogenated Polyisobutene, Hydrogenated Vegetable Oil, Caprylic/Capric/Myristic/Stearic Triglyceride, Polysilicone-11, Peg-100 Stearate, Peg-8 Dimethicone, Peg-10 Dimethicone, Algae (Seaweed) Extract, Sesamum Indicum (Sesame) Seed Oil, Medicago Sativa (Alfalfa) Seed Powder, Helianthus Annuus (Sunflower) Seedcake, Prunus Amygdalus Dulcis (Sweet Almond) Seed Meal, Eucalyptus Globulus (Eucalyptus) Leaf Oil, Sodium Gluconate, Copper Gluconate, Calcium Gluconate, Magnesium Gluconate, Zinc Gluconate, Tocopheryl Succinate, Niacin, Sesamum Indicum (Sesame) Seed Powder, Vitis Vinifera (Grape) Seed Extract, Citrus Aurantifolia (Lime) Peel Extract, Sigesbeckia Orientalis (St. Paul'S Wort) Extract, Crithmum Maritimum Extract, Eryngium Maritimum Extract, Polygonum Cuspidatum Root Extract, Silybum Marianum (Lady'S Thistle) Extract, Bupleurum Falcatum Root Extract, Humulus Lupulus (Hops) Extract, Citrus Reticulata (Tangerine) Peel Extract, Mimosa Tenuiflora Bark Extract, Narcissus Tazetta Bulb Extract, Chlorella Vulgaris Extract, Saccharomyces Lysate Extract, Prunus Mume Fruit Extract, Whey Protein/Lactis Protein/Proteine Du Petit-Lait, Gelidium Cartilagineum Extract, Glycerin, Coenzyme A, Micrococcus Lysate, Laminaria Digitata Extract, Rosmarinus Officinalis (Rosemary) Extract, Laminaria Ochroleuca Extract, Punica Granatum (Pomegranate) Fruit Juice, Sorbitol, Corallina Officinalis Extract, Molasses Extract/Saccharum Officinarum/Extrait De Melasse, Glycine Soja (Soybean) Seed Extract, Tourmaline, Caffeine, Linolenic Acid, Hydrogenated Lecithin, Gold, Hydrolyzed Wheat Protein, Glycosaminoglycans, Palmitoyl Oligopeptide, Ammonium Acryloyldimethyltaurate/Beheneth-25 Methacrylate Crosspolymer, Bifida Ferment Lysate, Alcaligenes Polysaccharides, Butylene Glycol, Tetraacetylphytosphingosine, Dipotassium Glycyrrhizate, Lecithin, Acetyl Glucosamine, Sodium Hyaluronate, Laureth-23, Acetyl Hexapeptide-8, Linoleic Acid, Dipalmitoyl Hydroxyproline, Propylene Glycol Diethylhexanoate, Yeast Extract/Faex/Extrait De Levure, Caprylic/Capric Triglyceride, Laureth-4, Tocopheryl Acetate, Diethylhexyl Syringylidenemalonate, Pentylene Glycol, Peg-8, Potassium Sorbate, Yeast Polysaccharides, Hydroxypropyl Cyclodextrin, Nordihydroguaiaretic Acid, Cyclodextrin, Maltodextrin, Sucrose, Glyceryl Polymethacrylate, Fragrance, Polymethylsilsesquioxane, Silica, Ethylbisiminomethylguaiacol Manganese Chloride, Disodium Edta, Phenoxyethanol, Linalool, Hydroxycitronellal, Citronellol, Geraniol, Limonene, Green 5 (Ci 61570)",0,0,0,0,0
849,Face Mask,ESTÉE LAUDER,Advanced Night Repair Concentrated Recovery PowerFoil Mask,80,4.0,"Advanced Night Rpr Powerfoil Mask Division: El (Estee Lauder)Ingredients: Water , Methyl Gluceth-20 , Peg-75 , Butylene Glycol , Bis-Peg-18 Methyl Ether Dimethyl Silane , Propanediol , Glycereth-26 , Cladosiphon Okamuranus Extract , Garcinia Mangostana Peel Extract , Magnolia Officinalis Bark Extract , Silybum Marianum (Lady'S Thistle) Extract , Echinacea Purpurea (Coneflower) Extract , Limonium Vulgare Flower/Leaf/Stem Extract , Lactobacillus Ferment , Betula Alba (Birch) Extract , Hydrolyzed Algin , Acetyl Dipeptide-1 Cetyl Ester , Coffea Arabica (Coffee) Seed Extract , Hydrolyzed Rice Extract , Poria Cocos Sclerotium Extract , Algae Extract , Squalane , Yeast Extract/Faex/Extrait De Levure , Caffeine , Peg-8 Glyceryl Isostearate , Glycerin , Artemia Extract , Lecithin , Glycine , Anthemis Nobilis (Chamomile) , Sodium Hyaluronate , Oleth-3 Phosphate , Caprylyl Glycol , Tocopheryl Acetate , Carbomer , Dextrin , Sodium Hydroxide , Xanthan Gum , Laureth-3 , Hydroxyethylcellulose , Trisodium Edta , Phenoxyethanol",0,0,0,0,0
852,Face Mask,SK-II,Overnight Miracle Mask,105,3.8,"Galactomyces Ferment Filtrate*, Water, Glycerin, Butylene Glycol, Xylitol, Dipropylene Glycol, Cyclopentasiloxane, Dimethicone, Fragrance, Aluminum Starch Octenylsuccinate, Acrylates/C10-30 Alkyl Acrylate Crosspolymer, Glycereth-25 Pca Isostearate, Aminomethyl Propanol, Dimethiconol, Polymethylsilsesquioxane, Mica, Sodium Benzoate, Phenoxyethanol, Methylparaben, Disodium Edta, Albizia Julibrissin Bark Extract, Methicone, Ci 77891, Ci 77492. *Pitera.",1,1,1,1,1
861,Face Mask,KIEHL'S SINCE 1851,Calendula & Aloe Soothing Hydration Mask,45,4.0,"Water, Glycerin, Aloe Barbadensis Leaf Juice, Butylene Glycol, Ppg-26-Buteth-26, Peg-40 Hydrogenated Castor Oil, Glyceryl Acrylate/Acrylic Acid Copolymer, Carbomer, Calendula Officinalis Flower, Phenoxyethanol, Limonene, Calendula Officinalis Flower Extract, Ethylhexylglycerin, Citrus Limon Peel Oil, Lemon Peel Oil, Paeonia Suffruticosa Root Extract, Scutellaria Baicalensis Root Extract, Sodium Hydroxide, Citrus Aurantium Dulcis (Orange) Peel Oil, Tocopheryl Acetate, Cassia Angustifolia Seed Polysaccharide, Pelargonium Graveolens Flower Oil, Anthemis Nobilis Flower Oil, Citral, Citric Acid, Potassium Sorbate, Artemisia Absinthium Extract, Sodium Benzoate, Tocopherol.",1,1,1,1,1
863,Face Mask,KIEHL'S SINCE 1851,Turmeric & Cranberry Seed Energizing Radiance Mask,39,4.5,"Water, Kaolin, Sorbitol, Bentonite, Butylene Glycol, Silica, Ci 77891, Titanium Dioxide, Vaccinium Macrocarpon (Cranberry) Seed, Pentylene Glycol, 1,2-Hexanediol, Jojoba Seed Oil, Caprylyl Glycol, Xanthan Gum, Polysorbate 60, Polyacrylamide, Ci 77492, Iron Oxides, Glycerin, C13-14 Isoparaffin, Turmeric Root Extract, Ascorbyl Glucoside, Trisodium Ethylenediamine Disuccinate, Laureth-7, Eucalyptus Globulus Leaf Oil, Camellia Oleifera Leaf Extract, Peppermint Leaf Extract, Menthol, Epilobium Angustifolium Extract - Epilobium Angustifolium Flower/Leaf/Stem Extract, Aminomethyl Propanol, Vaccinium Macrocarpon (Cranberry) Seed Oil.",1,1,1,1,1
870,Face Mask,SK-II,Brightening Derm Revival Mask,170,4.5,"Water, Galactomyces Ferment Filtrate (Pitera), Butylene Glycol, Niacinamide, Glycerin, Pentylene Glycol, Ascorbyl Glucoside, Inositol, Acrylates/C10-30 Alkyl Acrylate Crosspolymer, Hexapeptide-11, Sodium Hydroxide, Disodium EDTA, Benzyl Alcohol, Methylparaben, Phenoxyethanol.",1,1,1,1,1
871,Face Mask,LA MER,The Brilliance Brightening Mask,250,4.4,"Declustered Water (-)/Aqua/Eau De-Structuree (-), Declustered Water (+)/Aqua/Eau De-Structuree (+), Methyl Gluceth-20, Peg-75, Butylene Glycol, Glycerin, Bis-Peg-18 Methyl Ether Dimethyl Silane, Algae (Seaweed) Extract, Sesamum Indicum (Sesame) Seed Oil, Medicago Sativa (Alfalfa) Seed Powder, Helianthus Annuus (Sunflower) Seedcake, Prunus Amygdalus Dulcis (Sweet Almond) Seed Meal, Eucalyptus Globulus (Eucalyptus) Leaf Oil, Sodium Gluconate, Copper Gluconate, Calcium Gluconate, Magnesium Gluconate, Zinc Gluconate, Tocopheryl Succinate, Niacin, Sesamum Indicum (Sesame) Seed Powder, Ascophyllum Nodosum Extract, Corallina Officinalis Extract, Laminaria Saccharina Extract, Chlorella Vulgaris Extract, Laminaria Digitata Extract, Palmaria Palmata Extract, Pyrus Malus (Apple) Fruit Extract, Hordeum Vulgare (Barley) Extract/Extrait D'Orge, Triticum Vulgare (Wheat) Germ Extract, Morus Nigra (Mulberry) Root Extract, Scutellaria Baicalensis Root Extract, Vitis Vinifera (Grape) Seed Extract, Rosmarinus Officinalis (Rosemary) Leaf Extract, Saccharomyces Lysate Extract, Citrus Reticulata (Tangerine) Peel Extract, Asparagopsis Armata Extract, Sigesbeckia Orientalis (St. Paul'S Wort) Extract, Punica Granatum (Pomegranate) Fruit Juice, Citrullus Vulgaris (Watermelon) Fruit Extract, Vitis Vinifera (Grape) Fruit Extract, Tourmaline, Linolenic Acid, Lens Esculenta (Lentil) Fruit Extract, Polygonum Cuspidatum Root Extract, Oleth-5, Glycereth-26, Citrus Aurantifolia (Lime) Peel Extract, Squalane, Humulus Lupulus (Hops) Extract, Yeast Extract/Faex/Extrait De Levure, Acetyl Hexapeptide-8, Tocopheryl Acetate, Caffeine, Hydrolyzed Rice Extract, Acetyl Glucosamine, Yeast Polysaccharides, Hydrolyzed Jojoba Esters, Sodium Rna, Oleth-10 Phosphate, Camelina Sativa Seed Oil, Bifida Ferment Lysate, Sodium Hyaluronate, Sodium Pca, Tetraacetylphytosphingosine, Micrococcus Lysate, Sucrose, Carbomer, Caprylyl Glycol, Sorbitol, Dipotassium Glycyrrhizate, Tetrahexyldecyl Ascorbate, Sodium Hydroxide, Magnesium Ascorbyl Phosphate, Sodium Lactate, Xanthan Gum, Choleth-24, Linoleic Acid, Hexylene Glycol, Ceteth-24, Lecithin, Hydrogenated Lecithin, Ethylbisiminomethylguaiacol Manganese Chloride, Nordihydroguaiaretic Acid, Alcohol Denat., Fragrance, Disodium Edta, Bht, Hydroxycitronellal, Limonene, Linalool, Geraniol, Citronellol, Benzyl Salicylate, Benzyl Benzoate, Phenoxyethanol Rds Product Name The Brilliance Brightening Mask Division",0,0,0,0,0
888,Face Mask,ESTÉE LAUDER,Nutritious Vitality8™ Night Creme/Mask,72,4.4,"Nutritious Intensified Night Cream Division: El (Estee Lauder)Ingredients: Water , Dimethicone , Isohexadecane , Glycerin , Bis-Peg-18 Methyl Ether Dimethyl Silane , Butylene Glycol , Peg-10 Dimethicone , Propanediol , Petrolatum , Disteardimonium Hectorite , Cucumis Sativus (Cucumber) Fruit Extract , Punica Granatum (Pomegranate) Extract , Citrus Reticulata (Tangerine) Peel Extract , Lycium Chinense (Wolfberry) Fruit Extract , Vaccinium Macrocarpon (Cranberry) Fruit Extract , Vaccinium Angustifolium (Blueberry) Fruit Extract , Sapindus Mukurossi Fruit Extract , Hordeum Vulgare (Barley) Extract/Extrait D'Orge , Garcinia Mangostana Peel Extract , Coffea Arabica (Coffee) Seed Extract , Cladosiphon Okamuranus Extract , Ergothioneine , Caffeine , Yeast Extract/Faex/Extrait De Levure , Sodium Hyaluronate , Propylene Glycol Dicaprate , Trehalose , Acetyl Glucosamine , Helianthus Annuus (Sunflower) Seedcake , Sorbitol , Polysilicone-11 , Caprylyl Glycol , Propylene Carbonate , Isododecane , Polyethylene , Citric Acid , Peg-32 , Peg-6 , Tocopheryl Acetate , Dextrin , Hexylene Glycol , Tetrahexyldecyl Ascorbate , Sodium Citrate , Caesalpinia Spinosa Gum , Fragrance , Disodium Edta , Bht , Phenoxyethanol , Iron Oxides (Ci 77491, Ci 77492, Ci 77499)",0,0,0,0,0
902,Face Mask,KIEHL'S SINCE 1851,Ginger Leaf & Hibiscus Firming Mask,54,4.4,"Water, PVP, Propanediol, Behenyl Alcohol, Caprylic/Capric Triglyceride, Isoamyl Laurate, Mangifera Indica Seed Butter/Mango Seed Butter, Butyrospermum Parkii Butter/Shea Butter, Butyrospermum Parkii Oil/Shea Oil, Pullulan, Arachidyl Alcohol, Euphorbia Cerifera Cera/Candelilla Wax, Cetearyl Alcohol, Glycerin, Butylene Glycol, Coco-Glucoside, Paeonia Suffruticosa Root Extract, Scutellaria Baicalensis Root Extract, Prunus Amygdalus Dulcis Oil/Sweet Almond Oil, Hibiscus Esculentus Seed Extract, Sodium Polyacrylate, Acrylates/C10-30 Feel the instant firming effect of our indulgent velvety cream mask. Formulated with Hibiscus, whose flower is Alkyl Acrylate Crosspolymer, Arachidyl Glucoside, Ethylhexylglycerin, PEG-100 Stearate,Lavandula Angustifolia Oil/Lavender Oil, Corallina Officinalis Extract, Curcuma Longa Root Extract/Turmeric Root Extract, Elettaria Cardamomum Seed Oil, Salvia Sclarea Extract/Clary Extract, Moringa Oleifera Seed Oil, Ocimum Basilicum Flower/Leaf Extract - Basil Flower/Leaf Extract, Dipteryx Odorata Seed Extract, Cistus Ladaniferus Leaf/Stem Extract, Coumarin, Ocimum Sanctum Leaf Extract, Citral, Rosa Damascena Extract, Vanilla Planifolia Fruit Extract, Tocopherol, Citric Acid.",1,1,1,1,1
938,Face Mask,ESTÉE LAUDER,Micro Essence Infusion Mask,72,4.6,"R2 Sheet Mask Division: El (Estee Lauder)Ingredients: Water , Butylene Glycol , Dimethicone , Squalane , Biosaccharide Gum - 1 , Pentylene Glycol , Hypnea Musciformis (Algae) Extract , Cucumis Sativus (Cucumber) Fruit Extract , Gellidiela Acerosa (Algae) Extract , Lactobacillus Ferment , Acetyl Hexapeptide-8 , Bifida Ferment Lysate , Caffeine , Sucrose , Sodium Hyaluronate , Acetyl Glucosamine , Hydrolyzed Yeast Protein , Trehalose , Algae Extract , Palmitoyl Oligopeptide , Anthemis Nobilis (Chamomile) , Sorbitol , Saccharide Isomerate , Carbomer , Glyceryl Polymethacrylate , Hydrogenated Lecithin , Tocopheryl Acetate , Peg-8 , Tromethamine , Sodium Chloride , Disodium Edta , Chlorphenesin , Phenoxyethanol",0,0,0,0,0
940,Face Mask,LA MER,Treatment Lotion Hydrating Mask,150,4.1,"Water, Algae (Seaweed) Extract, Glycerin, Methyl Gluceth-20, Bis-Peg-18 Methyl EtherDimethyl Silane, Butylene Glycol, Hypnea Musciformis (Algae) Extract, Sucrose, Propanediol, Sesamum Indicum (Sesame) Seed Oil, Medicago Sativa (Alfalfa) Seed Powder, Helianthus Annuus (Sunflower) Seedcake, Prunus Amygdalus Dulcis (Sweet Almond) Seed Meal, Eucalyptus Globulus (Eucalyptus) Leaf Oil, Sodium Gluconate, Copper Gluconate, Calcium Gluconate, Magnesium Gluconate, Zinc Gluconate, Tocopheryl Succinate, Niacin, Sesamum Indicum (Sesame) Seed Powder, Citrus Aurantifolia (Lime) Peel Extract, Glycine Soja (Soybean) Seed Extract, Acetyl Hexapeptide-8, Acetyl Dipeptide-1 Cetyl Ester, Sea Salt\Maris Sal\Sel Marin, Codium Tomentosum Extract, Gelidiella Acerosa Extract, Caffeine, Laminaria Saccharina Extract, Alcaligenes Polysaccharides, Dipotassium Glycyrrhizate, Glycereth-26, Laminaria Digitata Extract, PlanktonExtract, Glycosaminoglycans, Palmaria Palmata Extract, Peg-8, Ethylhexylglycerin, Sodium Pca, Urea, Ppg-5-Ceteth-20, Jojoba Wax Peg-120 Esters, Polysorbate 20, Carbomer, Yeast Extract\Faex\Extrait De Levure, Sodium Hyaluronate, Xanthan Gum, Pentylene Glycol, Trehalose, Laureth-3, Hydrolyzed Yeast Protein, Hydroxyethylcellulose, Caprylyl Glycol, Fragrance, Tourmaline, Hydroxypropyl Cyclodextrin, Glycine Soja (Soybean) Protein, Alcohol Denat., Sodium Hydroxide, Lecithin, Polyquaternium-51, Disodium Edta, Citronellol, Geraniol, Hydroxycitronellal, Linalool, Limonene, Potassium Sorbate, Chlorphenesin, Phenoxyethanol.",1,1,1,1,1
948,Face Mask,ESTÉE LAUDER,Advanced Night Repair Concentrated Recovery Eye Mask,46,3.3,"Advanced Night Rpr Cnc Rcvr Eyemsk Division: El (Estee Lauder)Ingredients: Water , Methyl Gluceth-20 , Peg-75 , Bis-Peg-18 Methyl Ether Dimethyl Silane , Butylene Glycol , Propanediol , Glycereth-26 , Cladosiphon Okamuranus Extract , Silybum Marianum (Lady'S Thistle) Extract , Echinacea Purpurea (Coneflower) Extract , Garcinia Mangostana Peel Extract , Anthemis Nobilis (Chamomile) Flower Extract , Caffeine , Coffea Arabica (Coffee) Seed Extract , Artemia Extract , Betula Alba (Birch) Extract , Poria Cocos Sclerotium Extract , Hydrolyzed Rice Extract , Camelina Sativa Seed Oil , Algae Extract , Lactobacillus Ferment , Hydrolyzed Algin , Squalane , C12-15 Alkyl Benzoate , Yeast Extract/Faex/Extrait De Levure , Caprylyl Glycol , Tocopheryl Acetate , Peg-8 Glyceryl Isostearate , Polysorbate 20 , Glycine , Carbomer , Sodium Hyaluronate , Dextrin , Xanthan Gum , Sodium Hydroxide , Lecithin , Triethoxycaprylylsilane , Polyhydroxystearic Acid , Trisodium Edta , Phenoxyethanol , Iron Oxides (Ci 77491)",1,1,1,1,0
957,Face Mask,LA MER,The Lifting and Firming Mask Mini,75,5.0,"Declustered Water (-)/Aqua/Eau De-Structuree (-), Declustered Water (+)/Aqua/Eau De-Structuree (+), Algae (Seaweed) Extract, Dimethicone, Hdi/Trimethylol Hexyllactone Crosspolymer, Cyclopentasiloxane, Hydrogenated Polyisobutene, Caprylic/Capric/Myristic/Stearic Triglyceride, Polysilicone-11, Peg-100 Stearate, Peg-8 Dimethicone, Peg-10 Dimethicone, Glyceryl Triacetyl Ricinoleate, Macadamia Integrifolia Seed Oil, Sesamum Indicum (Sesame) Seed Oil, Medicago Sativa (Alfalfa) Seed Powder, Helianthus Annuus (Sunflower) Seedcake, Prunus Amygdalus Dulcis (Sweet Almond) Seed Meal, Eucalyptus Globulus (Eucalyptus) Leaf Oil, Sodium Gluconate, Copper Gluconate, Calcium Gluconate, Magnesium Gluconate, Zinc Gluconate, Tocopheryl Succinate, Niacin, Sesamum Indicum (Sesame) Seed Powder, Vitis Vinifera (Grape) Seed Extract, Citrus Aurantifolia (Lime) Peel Extract, Sigesbeckia Orientalis (St. Paul'S Wort) Extract, Crithmum Maritimum Extract, Eryngium Maritimum Extract, Polygonum Cuspidatum Root Extract, Silybum Marianum (Lady'S Thistle) Extract, Bupleurum Falcatum Root Extract, Humulus Lupulus (Hops) Extract, Citrus Reticulata (Tangerine) Peel Extract, Mimosa Tenuiflora Bark Extract, Narcissus Tazetta Bulb Extract, Chlorella Vulgaris Extract, Saccharomyces Lysate Extract, Prunus Mume Fruit Extract, Whey Protein/Lactis Protein/Proteine Du Petit-Lait, Gelidium Cartilagineum Extract, Glycerin, Coenzyme A, Micrococcus Lysate, Laminaria Digitata Extract, Rosmarinus Officinalis (Rosemary) Leaf Extract, Laminaria Ochroleuca Extract, Punica Granatum (Pomegranate) Fruit Juice, Sorbitol, Corallina Officinalis Extract, Molasses Extract/Saccharum Officinarum/Extrait De Melasse, Glycine Soja (Soybean) Seed Extract, Tourmaline, Caffeine, Linolenic Acid, Hydrogenated Lecithin, Gold, Hydrolyzed Wheat Protein, Glycosaminoglycans, Palmitoyl Hexapeptide-12, Ammonium Acryloyldimethyltaurate/Beheneth-25 Methacrylate Crosspolymer, Bifida Ferment Lysate, Alcaligenes Polysaccharides, Butylene Glycol, Tetraacetylphytosphingosine, Dipotassium Glycyrrhizate, Lecithin, Acetyl Glucosamine, Sodium Hyaluronate, Laureth-23, Acetyl Hexapeptide-8, Linoleic Acid, Dipalmitoyl Hydroxyproline, Propylene Glycol Diethylhexanoate, Yeast Extract/Faex/Extrait De Levure, Triethylhexanoin, Caprylic/Capric Triglyceride, Laureth-4, Tocopheryl Acetate, Diethylhexyl Syringylidenemalonate, Pentylene Glycol, Peg-8, Alcohol Denat., Potassium Sorbate, Yeast Polysaccharides, Hydroxypropyl Cyclodextrin, Nordihydroguaiaretic Acid, Cyclodextrin, Maltodextrin, Sucrose, Glyceryl Polymethacrylate, Fragrance, Polymethylsilsesquioxane, Silica, Ethylbisiminomethylguaiacol Manganese Chloride, Disodium Edta, Phenoxyethanol, Linalool, Hydroxycitronellal, Citronellol, Geraniol, Limonene, Green 5 (Ci 61570)",0,0,0,0,0
998,Face Mask,KIEHL'S SINCE 1851,Cilantro & Orange Extract Pollutant Defending Mask,39,4.1,"Water, Propanediol, Shea Butter, Glycerin, Cetearyl Alcohol, Arginine, Glyceryl Stearate, Apricot Kernel Oil, Lauroyl Lysine, Vaccinium Myrtillus Fruit Extract, Olive Fruit Oil, Cetearyl Glucoside, Squalane, Neohesperidin Dihydrochalcone, Coriander Seed Oil, Tocopherol, Sugar Cane Extract, Sclerotium Gum, Caprylyl Glycol, Ferulic Acid, Orange Fruit Water, Lemon Fruit Extract, Xanthan Gum, Lavender Oil, Peppermint Oil, Rice Bran Oil, Sugar Maple Extract, Ci 77288, Chromium Oxide Greens, Linalool, Sunflower Seed Oil, Phytic Acid, Limonene, Citral, Geraniol, Citric Acid.",1,1,1,1,1
1013,Face Mask,ESTÉE LAUDER,NightWear Plus 3-Minute Detox Mask,47,4.6,"Nightwear Detox Mask Division: El (Estee Lauder)Ingredients: Water , Kaolin , Butylene Glycol , Sodium Myristoyl Sarcosinate , Glycerin , Caprylyl Glycol , Gentiana Lutea (Gentian) Root Extract , Laminaria Saccharina Extract , Caffeine , Sucrose , Thermus Thermophillus Ferment , Alcaligenes Polysaccharides , Ergothioneine , Algae Extract , Dipotassium Glycyrrhizate , Sodium Hyaluronate , Sodium Magnesium Silicate , Xanthan Gum , Tocopheryl Acetate , Sodium Myristate , Tetrahexyldecyl Ascorbate , Citric Acid , Cyclodextrin , Fragrance , Potassium Sorbate , Ethylbisiminomethylguaiacol Manganese Chloride , Disodium Edta , Bht , Phenoxyethanol , Butylphenyl Methylpropional , Benzyl Salicylate , Linalool , Blue 1 (Ci 42090) , Yellow 5 (Ci 19140) , Titanium Dioxide (Ci 77891)",0,0,0,0,0
1045,Face Mask,LA MER,The Intensive Revitalizing Mask,170,4.9,"Water, Isododecane, Algae (Seaweed) Extract, Dimethicone, Glycerin, Butylene Glycol, Caprylic/Capric/Myristic/Stearic Triglyceride, Peg-10 Dimethicone, Hydrogenated Vegetable Oil, Sesamum Indicum (Sesame) Seed Oil, Medicago Sativa (Alfalfa) Seed Powder, Helianthus Annuus (Sunflower) Seedcake, Prunus Amygdalus Dulcis (Sweet Almond) Seed Meal, Eucalyptus Globulus (Eucalyptus) Leaf Oil, Sodium Gluconate, Copper Gluconate, Calcium Gluconate, Magnesium Gluconate, Zinc Gluconate, Tocopheryl Succinate, Niacin, Sesamum Indicum (Sesame) Seed Powder, Sea Salt/Maris Sal/Sel Marin, Nylon-12, Yeast Extract/Faex/Extrait De Levure, Hydrogenated Polyisobutene, Isononyl Isononanoate, Cetyl Peg/Ppg-10/1 Dimethicone, Sigesbeckia Orientalis (St. Paul'S Wort) Extract, Helichrysum Arenarium (Everlasting) Extract, Citrus Grandis (Grapefruit) Peel Oil, Pelargonium Graveolens (Geranium) Flower Oil, Citrus Aurantifolia (Lime) Peel Extract, Laminaria Saccharina Extract, Rubus Idaeus (Raspberry) Leaf Extract, Gelidium Cartilagineum Extract, Mentha Viridis (Spearmint), Zingiber Officinale (Ginger) Root Extract, Avena Sativa (Oat) Kernel Extract, Polygonum Fagopyrum Seed Extract, Padina Pavonica Thallus Extract, Chlorella Vulgaris Extract, Laminaria Digitata Extract, Hydrolyzed Rice Extract, Acetyl Hexapeptide-8, Glycine Soja (Soybean) Protein, Sodium Hyaluronate, Caffeine, Hydrolyzed Algin, Acetyl Glucosamine, Cholesterol, Trisiloxane, Phytosphingosine, Yeast Polysaccharides, Lavandula Angustifolia (Lavender) Flower Wax, Caprylic/Capric Triglyceride, Dimethicone Crosspolymer-3, Sucrose, Polysilicone-11, Caprylyl Glycol, Synthetic Fluorphlogopite, Glyceryl Triacetyl Ricinoleate, Macadamia Integrifolia Seed Oil, Tocopheryl Acetate, Tetrahexyldecyl Ascorbate, Sodium Pca, Urea, Dipalmitoyl Hydroxyproline, Methyldihydrojasmonate, Triethylhexanoin, Trehalose, Polyquaternium-51, Calcium Chloride, Propylene Glycol Diethylhexanoate, Hexylene Glycol, Tourmaline, Tin Oxide, Bht, Limonene, Linalool, Geraniol, Citronellol, Phenoxyethanol, Titanium Dioxide (Ci 77891)",0,0,0,0,0
1093,Eye cream,LA MER,The Eye Concentrate,215,3.6,"Algae (Seaweed) Extract, Water, Cyclopentasiloxane, Glycerin, Dimethicone, Vinyl Dimethicone/Methicone Silsesquioxane Crosspolymer, Caprylic/Capric Triglyceride, Caprylic/Capric/Myristic/Stearic Triglyceride, Yeast Extract/Faex/Extrait De Levure, Sea Salt/Maris Sal/Sel Marin, Saccharomyces/Copper Ferment, Helichrysum Arenarium (Everlasting) Extract, Polysilicone-11, Gelidium Cartilagineum Extract, Tourmaline, Polygonum Fagopyrum Seed Extract, Saccharomyces Lysate Extract, Sesamum Indicum (Sesame) Seed Oil, Medicago Sativa (Alfalfa) Seed Powder, Helianthus Annuus (Sunflower) Seedcake, Prunus Amygdalus Dulcis (Sweet Almond) Seed Meal, Eucalyptus Globulus (Eucalyptus) Leaf Oil, Sodium Gluconate, Calcium Gluconate, Copper Gluconate, Magnesium Gluconate, Zinc Gluconate, Tocopheryl Succinate, Niacin, Sesamum Indicum (Sesame) Seed Powder, Corallina Officinalis Extract, Ferrous Gluconate, Glyceryl Triacetyl Ricinoleate, Hydrogenated Vegetable Oil, Macadamia Integrifolia Seed Oil, Palmitoyl Tetrapeptide-7, Acetyl Hexapeptide-8, Whey Protein/Lactis Protein/Proteine Du Petit-Lait, Hesperidin Methyl Chalcone, Cyclohexasiloxane, Linoleic Acid, Caffeine, Cholesterol, Tetraacetylphytosphingosine, Sigesbeckia Orientalis (St. Paul'S Wort) Extract, Butylene Glycol, Crithmum Maritimum Extract, Acetyl Glucosamine, Steareth-20, Aminopropyl Ascorbyl Phosphate, Nylon-12, Triethylhexanoin, Avena Sativa (Oat) Kernel Extract, Prunus Amygdalus Dulcis (Sweet Almond) Seed Extract, Isononyl Isononanoate, Glycine Soja (Soybean) Protein, Cetyl Peg/Ppg-10/1 Dimethicone, Phytosphingosine, Hydrogenated Polyisobutene, Propylene Glycol Dioctanoate, Calcium Chloride, Sucrose, Dipeptide-2, Dimethicone Crosspolymer, Triethoxycaprylylsilane, Caprylyl Glycol, Trimethylsiloxysilicate, Isododecane, Peg/Ppg-18/18 Dimethicone, Silica, Alumina, Fragrance, Phenoxyethanol, Mica, Titanium Dioxide (Ci 77891)",0,0,0,0,0
1096,Eye cream,KIEHL'S SINCE 1851,Creamy Eye Treatment with Avocado,29,4.3,"Water, Butyrospermum Parkii Butter, Shea Butter, Butylene Glycol, Tridecyl Stearate, Isodecyl Salicylate, Peg-30 Dipolyhydroxystearate, Tridecyl Trimellitate, Persea Gratissima Oil, Avocado Oil, Isocetyl Stearoyl Stearate, Propylene Glycol, Dipentaerythrityl Hexacaprylate/Hexacaprate, Sorbitan Sesquioleate, Magnesium Sulfate, Phenoxyethanol, Hydrogenated Castor Oil, Sodium Pca, Ozokerite, Methylparaben, Tocopheryl Acetate, Isopropyl Palmitate, Disodium Edta, Copper Pca, Butylparaben, Ethylparaben, Propylparaben, Zea Mays Oil, Corn Oil, Beta-Carotene.",1,1,1,1,1
1098,Eye cream,ESTÉE LAUDER,Advanced Night Repair Eye Supercharged Complex,62,4.4,"Advanced Night Repr Eye Sync Cmpii Division: El (Estee Lauder)Ingredients: Methyl Trimethicone, Water, Bifida Ferment Lysate, Dimethicone, Dimethicone/Vinyl Dimethicone Crosspolymer, Propanediol, Sucrose, Petrolatum, Polysorbate 40, Trehalose, Algae Extract, Morus Bombycis (Mulberry) Root Extract, Scutellaria Baicalensis Root Extract, Lactobacillus Ferment, Triticum Vulgare (Wheat) Germ Extract, Acrylamide/Sodium Acryloyldimethyltaurate Copolymer, Betula Alba (Birch) Extract, Hydrolyzed Algin, Poria Cocos Sclerotium Extract, Jojoba Alcohol, Ethylhexylglycerin, Glycine Soja (Soybean) Seed Extract, Isopropyl Jojobate, Jojoba Esters, Isohexadecane, Yeast Extract/Faex/Extrait De Levure, Hydrogenated Lecithin, Hordeum Vulgare (Barley) Extract/Extrait D'Orge, Peg/Ppg-18/18 Dimethicone, Cholesterol, Anthemis Nobilis (Chamomile), Tocopheryl Acetate, Sodium Rna, Caffeine, Polysorbate 80, Caprylyl Glycol, Phytosphingosine, Squalane, Potassium Sulfate, Sodium Hyaluronate, Acrylates/C10-30 Alkyl Acrylate Crosspolymer, Tripeptide-32, Butylene Glycol, Tromethamine, Disodium Edta, Bht, Phenoxyethanol, Iron Oxides (Ci 77491, Ci 77492, Ci 77499) Please be aware that ingredient lists may change or vary from time to time.� Please refer to the ingredient list on the product package you receive for the most up to date list of ingredients.",1,1,1,1,0
1101,Eye cream,LA MER,The Eye Balm Intense,215,4.1,"Water, Seaweed (Algae) Extract, Butyrospermum Parkii (Shea Butter), Butylene Glycol, Polyethylene, Hydrogenated Polyisobutene, Dimethicone, Cetyl Esters, Cetearyl Alcohol, Malachite, Polybutene, Isostearyl Neopentanoate, Silica, Trisiloxane, Yeast Extract/Faex/Extrait De Levure, Caffeine, Cholesterol, Ascophyllum Nodosum Extract, Asparagopsis Armata Extract, Gelidium Cartilagineum Extract, Saccharomyces Lysate Extract, Sesamum Indicum (Sesame) Seed Oil, Eucalyptus Globulus (Eucalyptus) Leaf Oil, Sesamum Indicum (Sesame) Seed, Medicago Sativa (Alfalfa) Seed Powder, Helianthus Annuus (Sunflower) Seedcake, Prunus Amygdalus Dulcis (Sweet Almond) Seed Meal, Sodium Gluconate, Potassium Gluconate, Copper Gluconate, Calcium Gluconate, Magnesium Gluconate, Zinc Gluconate, Tocopheryl Succinate, Niacin, Sigesbeckia Orientalis (St. Paul'S Wort) Extract, Whey Protein/Lactis Protein/Proteine Du Petit-Lait, Sucrose, Elaeis Guineensis (Palm) Oil, Methyl Glucose Sesquistearate, Cetearyl Glucoside, Glycerin, Aminomethyl Propanol, Glyceryl Distearate, Tetraacetylphytosphingosine, Linoleic Acid, Sorbitol, Acrylates/C10-30 Alkyl Acrylate Crosspolymer, Steareth-10, Magnesium Ascorbyl Phosphate, Vinyl Dimethicone/Methicone Silsesquioxane Crosspolymer, Sodium Hyaluronate, Tocotrienols, Hexylene Glycol, Phytosphingosine, Isododecane, Tocopherol, Squalene, Propylene Glycol Dioctanoate, Phytosterols, Trimethylsiloxysilicate, Caprylyl Glycol, Acetyl Hexapeptide-8, Carbomer, Fragrance, Tourmaline, Disodium Edta, Sodium Dehydroacetate, Phenoxyethanol, Linalool, Limonene, Benzyl Salicylate, Blue 1 (Ci 42090), Yellow 5 (Ci 19140), Titanium Dioxide (Ci 77891), Green 5 (Ci 61570)",0,0,0,0,0
1109,Eye cream,SK-II,R.N.A. POWER Anti-Aging Eye Cream,135,4.3,"Water, Glycerin, Galactomyces Ferment Filtrate*, Niacinamide, Isohexadecane, Butylene Glycol Pentylene Glycol, Isopropyl Isostearate, Petrolatum, Dimethicone, Caprylic/Capric Triglyceride, Vinyl Dimethicone/ Methicone Silsesquioxane Crosspolymer, Polyacrylamide, Phytosteryl/Behenyl/ Octyldodecyl Lauroyl Glutamate, Stearyl Alcohol, Cetyl Alcohol, C13-14 Isoparaffin, Behenyl Alcohol Tocopheryl Acetate, Polymethylsilsesquioxane, Panthenol, Nylon- 12, Benzyl Alcohol, Dimenthiconol, Methylparaben, Peg-100 Stearate, Laureth- 7, Cetearyl Glucoside, Cetearyl Alcohol, Stearic Acid, Mica, Disodium Edta, Propylparaben, Sodium Peg-7 Olive Oil Carboxylate, Ethylparaben, Peg-7 Glyceryl Cocoate, Chlorella Vulgaris Extract, Sodium Hydroxide, Hydrolyzed Lupine Protein, Decyl Glucoside, Medicago Sativa Extract/ Medicago Sativa (Alfalfa) Extract, Phenoxyethanol, Lactic Acid, Sodium Benzoate, Hydrolyzed Soy Protein, Polyquaternium-7, Tin Oxide, Ethylhexylglycerin, Palmitoyl Dipeptide- 7, Hydrolyzed Yeast Protein, Acanthopanax Senticosus Root Extract/ Acanthopanax Senticosus (Eleuthero) Root Extract, Palmitoyl Pentapeptide-4, Methylsilanol Tri-Peg-8 Glyceryl Cocoate, Ammonium Polyacrylate, Methicone, Tocopherol, Cynara Scolymus Leaf Extract/ Cynara Scolymus (Artichoke) Leaf Extract, Bht, Parfum (Fragance), Limonene, Linalool, Ci 77891 (Titanium Dioxide, Cl 77492 (Iron Oxides). *Pitera™.",1,1,1,1,1
1115,Eye cream,KIEHL'S SINCE 1851,Midnight Recovery Eye,37,3.9,"Water, Helianthus Annuus Seed Oil, Sunflower Seed Oil, Simmondsia Chinensis Oil, Jojoba Seed Oil, Prunus Armeniaca Kernel Oil, Apricot Kernel Oil, Squalane, Alcohol Denat., Cetearyl Alcohol, Glyceryl Stearate, Stearyl Alcohol, Cetearyl Glucoside, Oenothera Biennis Oil, Evening Primrose Oil, Butyrospermum Parkii Butter, Shea Butter, Lithium Magnesium Sodium Silicate, Phenoxyethanol, Chlorphenesin, Xanthan Gum, Ruscus Aculeatus Extract, Ruscus Aculeatus Root Extract, Aloe Barbadensis, Aloe Barbadensis Leaf Juice Powder, Tocopherol, Lavandula Angustifolia Oil, Lavender Oil, Adenosine, Rosmarinus Officinalis Leaf Oil, Rosemary Leaf Oil, Pelargonium Graveolens Flower Oil, Citronellol, Lavandula Hybrida Oil, Geraniol, Linalool, Cucumis Sativus Extract, Cucumber Fruit Extract, Curcuma Longa Extract, Turmeric Root Extract, Sclareolide, Rosa Spp, Rose Flower Oil, Jasminum Officinale Extract, Jasmine Extract.",1,1,1,1,1
1120,Eye cream,LA MER,The Lifting Eye Serum,255,3.5,"Declustered Water (-)/Aqua/Eau De-Structuree (-), Declustered Water (+)/Aqua/Eau De-Structuree (+), Propanediol, Glycerin, Algae (Seaweed) Extract, Prunus Amygdalus Dulcis (Sweet Almond) Seed Extract, Sesamum Indicum (Sesame) Seed Oil, Medicago Sativa (Alfalfa) Seed Powder, Helianthus Annuus (Sunflower) Seedcake, Prunus Amygdalus Dulcis (Sweet Almond) Seed Meal, Eucalyptus Globulus (Eucalyptus) Leaf Oil, Sodium Gluconate, Copper Gluconate, Calcium Gluconate, Magnesium Gluconate, Zinc Gluconate, Tocopheryl Succinate, Niacin, Sesamum Indicum (Sesame) Seed Powder, Sucrose, Pyrus Malus (Apple) Fruit Extract, Citrullus Vulgaris (Watermelon) Fruit Extract, Porphyridium Cruentum Extract, Lens Esculenta (Lentil) Fruit Extract, Laminaria Digitata Extract, Saccharomyces Lysate Extract, Ascophyllum Nodosum Extract, Plankton Extract, Helichrysum Arenarium (Everlasting) Extract, Citrus Aurantifolia (Lime) Peel Extract, Tourmaline, Sigesbeckia Orientalis (St. Paul'S Wort) Extract, Asparagopsis Armata Extract, Acetyl Hexapeptide-8, Caffeine, Pullulan, Trehalose, Sodium Lactate, Sorbitol, Sodium Pca, Styrene/Vp Copolymer, Hydroxypropyl Methylcellulose, Sodium Hyaluronate, Hexylene Glycol, Butylene Glycol, Vinyl Dimethicone/Methicone Silsesquioxane Crosspolymer, Alcohol Denat., Xanthan Gum, Isododecane, Fragrance, Ethylhexylglycerin, Caprylyl Glycol, Trimethylsiloxysilicate, Disodium Edta, Phenoxyethanol, Green 5 (Ci 61570), Blue 1 (Ci 42090)",0,0,0,0,0
1124,Eye cream,ESTÉE LAUDER,Advanced Night Repair Eye Concentrate Matrix,69,3.2,"Advanced Night Rpr Eye Conc Matrix Division: El (Estee Lauder)Ingredients: Water , Dimethicone , Isohexadecane , Glycerin , Butylene Glycol , Bis-Peg-18 Methyl Ether Dimethyl Silane , Peg-10 Dimethicone , Disteardimonium Hectorite , Isopropyl Isostearate , Ppg-15 Stearyl Ether , Sucrose , Trehalose , Pentylene Glycol , Hydroxyethyl Urea , Cucumis Sativus (Cucumber) Fruit Extract , Garcinia Mangostana Peel Extract , Anthemis Nobilis (Chamomile) Flower Extract , Hordeum Vulgare (Barley) Extract/Extrait D'Orge , Silybum Marianum (Lady'S Thistle) Extract , Glycine Soja (Soybean) Seed Extract , Lactobacillus Ferment , Algae Extract , Sorbitol , Betula Alba (Birch) Extract , Scutellaria Baicalensis Root Extract , Morus Bombycis (Mulberry) Root Extract , Poria Cocos Sclerotium Extract , Camelina Sativa Seed Oil , Bifida Ferment Lysate , Propylene Glycol Dicaprate , Caffeine , Sodium Hyaluronate , Sodium Polyaspartate , Hydrogenated Lecithin , Aminopropyl Ascorbyl Phosphate , Phytosphingosine , Yeast Extract/Faex/Extrait De Levure , Ethylhexylglycerin , Sodium Rna , Hydrolyzed Algin , Tripeptide-32 , Polysilicone-11 , Isododecane , Tocopheryl Acetate , Helianthus Annuus (Sunflower) Seedcake , Polyethylene , Propylene Carbonate , Polyacrylate Crosspolymer-6 , Sodium Dehydroacetate , Potassium Sorbate , Lecithin , Disodium Edta , Bht , Phenoxyethanol , Iron Oxides (Ci 77491)",1,1,1,1,0
1140,Eye cream,ESTÉE LAUDER,Advanced Night Repair Eye Serum Synchronized Complex II,66,3.5,"Advanced Night Rp Eye Sr Syn Cmpii Division: El (Estee Lauder)Ingredients: Water , Bifida Ferment Lysate , Caprylic/Capric Triglyceride , Dimethicone , Nylon-12 , Cetyl Ricinoleate , Propanediol , Bis-Peg-18 Methyl Ether Dimethyl Silane , Glycerin , Trehalose , Algae Extract , Morus Bombycis (Mulberry) Root Extract , Scutellaria Baicalensis Root Extract , Lactobacillus Ferment , Triticum Vulgare (Wheat) Germ Extract , Betula Alba (Birch) Extract , Hydrolyzed Algin , Poria Cocos Sclerotium Extract , Glycine Soja (Soybean) Seed Extract , Sucrose , Yeast Extract/Faex/Extrait De Levure , Hydrogenated Lecithin , Hordeum Vulgare (Barley) Extract/Extrait D'Orge , Cholesterol , Anthemis Nobilis (Chamomile) , Tocopheryl Acetate , Sodium Rna , Tromethamine , Caffeine , Caprylyl Glycol , Oleth-10 , Phytosphingosine , Squalane , Ammonium Acryloyldimethyltaurate/Vp Copolymer , Potassium Sulfate , Biosaccharide Gum - 1 , Lecithin , Sodium Hyaluronate , Acrylates/C10-30 Alkyl Acrylate Crosspolymer , Sodium Acrylates/Acrylonitrogens Copolymer , Hexylene Glycol , Sodium Metabisulfite , Aminopropyl Ascorbyl Phosphate , Tripeptide-32 , Butylene Glycol , Sodium Sulfite , Disodium Edta , Bht , Phenoxyethanol , Mica , Titanium Dioxide (Ci 77891) , Iron Oxides (Ci 77491, Ci 77492, Ci 77499)",1,1,1,1,1
1156,Eye cream,KIEHL'S SINCE 1851,Powerful Wrinkle Reducing Eye Cream,43,3.9,"Water, Glycerin, Cyclohexasiloxane, Propylene Glycol, Cetyl Alcohol, Stearyl Alcohol, Squalane, Stearic Acid, Palmitic Acid, Peg-100 Stearate, Beeswax, Glyceryl Stearate, Nylon-12, Aluminum Starch Octenylsuccinate, Peg-20 Stearate, Phenoxyethanol, Butylene Glycol, Methyl Methacrylate Crosspolymer, Caprylyl Glycol, Panthenol, Tocopheryl Acetate, Chlorphenesin, Caffeine, Sodium Hyaluronate, Calcium Pca, Acrylates Copolymer, Adenosine, Sodium Hydroxide, Hydroxypalmitoyl Sphinganine, Copper Pca, Alteromonas Ferment Extract, Corallina Officinalis Extract.",1,1,1,1,1
1193,Eye cream,ESTÉE LAUDER,Advanced Time Zone Age Reversing Line/Wrinkle Eye Creme,64,3.5,"Adv Timezone Age Rvr Lw Eye Crm Division: El (Estee Lauder)Ingredients: Water , Butyrospermum Parkii (Shea Butter) , Polyethylene , Cetyl Esters , Dicaprylyl Carbonate , Hydrogenated Polyisobutene , Cetearyl Alcohol , Isostearyl Neopentanoate , Sucrose , Propanediol , Butylene Glycol , Tamarindus Indica Seed Extract , Polygonum Cuspidatum Root Extract , Hydrolyzed Rice Extract , Vitis Vinifera (Grape) Seed Extract , Rosmarinus Officinalis (Rosemary) Extract , Selaginella Tamariscina (Spike Moss) Extract , Humulus Lupulus (Hops) Extract , Citrus Reticulata (Tangerine) Peel Extract , Punica Granatum (Pomegranate) Fruit Juice , Limonium Vulgare Flower/Leaf/Stem Extract , Yeast Extract/Faex/Extrait De Levure , Tocopheryl Acetate , Hordeum Vulgare (Barley) Extract/Extrait D'Orge , Lens Esculenta (Lentil) Fruit Extract , Hydrogenated Lecithin , Phytantriol , Cucumis Sativus (Cucumber) Fruit Extract , Trehalose , Methyl Glucose Sesquistearate , Acetyl Glucosamine , Cetearyl Glucoside , Citrullus Vulgaris (Watermelon) Fruit Extract , Cetyl Alcohol , Centaurium Erythraea (Centaury) Extract , Glycerin , Propylene Glycol Dicaprate , Caprylic/Capric Triglyceride , Sodium Pca , Helianthus Annuus (Sunflower) Seedcake , Caffeine , Aminomethyl Propanol , Sigesbeckia Orientalis (St. Paul'S Wort) Extract , Polybutene , Sodium Hyaluronate , Dimethicone , Pyrus Malus (Apple) Fruit Extract , Lauryl Pca , Hexylene Glycol , Whey Protein/Lactis Protein/Proteine Du Petit-Lait , Acetyl Hexapeptide-8 , Cholesterol , Acrylates/C10-30 Alkyl Acrylate Crosspolymer , Sodium Lactate , Peg-100 Stearate , Propylene Glycol Dicaprylate , Persea Gratissima (Avocado) Oil , Phospholipids , Salicornia Herbacea Extract , Cucumis Melo (Melon) Fruit Extract , Linoleic Acid , Phytosteryl Canola Glycerides , Decarboxy Carnosine Hcl , Oleic Acid , Palmitic Acid , Caprylyl Glycol , Carbomer , Stearic Acid , Nordihydroguaiaretic Acid , Phytosphingosine , Triolein , Cyclodextrin , Potassium Sulfate , Linolenic Acid , Ethylbisiminomethylguaiacol Manganese Chloride , Disodium Edta , Bht , Potassium Sorbate , Phenoxyethanol , Mica , Titanium Dioxide (Ci 77891)",0,0,0,0,0
1198,Eye cream,KIEHL'S SINCE 1851,Youth Dose Eye Treatment,39,2.8,"Water, Dimethicone, Glycerin, Dimethicone/Vinyl Dimethicone Crosspolymer, Vinly Dimethicone/Methicone Silsesquioxane Crosspollymer, Hydroxypropyl Tetrahydropyrantriol, Isononyl Isononanoate, Propylene Glycol, Ascorbyl Glucoside, Octyldoecanol, Lauryl PEG-9 Polydimethylsiloxyethyl Dimethicone, Methyl Methacrylate Crosspolymer, Boron Nitride, CI 77891/Titanium Dioxide, Mica, Phenoxyethanol, PEG/PPPG-18/18 DImethicone, Silica Silylate, Hydrolyzed Soy protein, CI 77163/Bismuth Oxychloride, Sodium Hyaluronate, Chlorphenesin, Magnesium Sulfate, Sodium Hydroxide, Caffine, Retinyl Palmitate, Vitis Vinifer Seed Extract/Grape Seed Extract, Capryloyl Salicyclic Acid, Pentaerythrityl Tetra-Di-T-Butyl Hydroxyhydrocinnamate, Tetrasodium EDTA, CI 77491/Iron Oxides, Adenosine, Pentylene Glycol, Tocopherol.",1,1,1,1,1
1213,Eye cream,KIEHL'S SINCE 1851,Super Multi-Corrective Eye-Opening Serum,48,3.8,"Water, Rhamnose, Glycerin, Alcohol Denat., Dimethicone, Hydroxyethylpiperazine Ethane Sulfonic Acid, Octyldodecanol, Sodium Hyaluronate, Mica, Phenoxyethanol, Ammonium Polyacryldimethyltauramide, Ammonium Polyacryloyldimethyl Taurate, Ci 77891, Titanium Dioxide, Chlorphenesin, Acrylates/C10-30 Alkyl Acrylate Crosspolymer, Triethanolamine, Xanthan Gum, Peg-20 Methyl Glucose Sesquistearate, Disodium Edta, Adenosine, Salicyloyl Phytosphingosine.",0,0,0,0,0
1228,Eye cream,KIEHL'S SINCE 1851,Eye Fuel,22,4.0,Visit the Kiehl's Since 1851 boutique,1,1,1,1,1
1238,Eye cream,ESTÉE LAUDER,Resilience Lift Firming/Sculpting Eye Creme,65,3.3,"Res Lift Frm/Sclp Eye Creme Division: El (Estee Lauder)Ingredients: Water , Butyrospermum Parkii (Shea Butter) , Butylene Glycol , Dimethicone , Cetearyl Alcohol , Cetyl Esters , Glycerin , Cetyl Alcohol , Isostearyl Neopentanoate , Polybutene , Cucumis Melo (Melon) Fruit Extract , Mimosa Tenuiflora Bark Extract , Narcissus Tazetta Bulb Extract , Plankton Extract , Caffeine , Malachite , Laminaria Digitata Extract , Algae Extract , Artemia Extract , Persea Gratissima (Avocado) Oil , Whey Protein/Lactis Protein/Proteine Du Petit-Lait , Cholesterol , Yeast Extract/Faex/Extrait De Levure , Anthemis Nobilis (Chamomile) , Saccharomyces Ferment Lysate Filtrate , Acetyl Hexapeptide-8 , Lecithin , Methyl Glucose Sesquistearate , Sorbitol , Polyethylene , Cetearyl Glucoside , Neopentyl Glycol Diheptanoate , Acetyl Glucosamine , Caprylyl Glycol , Sodium Hyaluronate , 1,2-Hexanediol , Lauryl Pca , Linoleic Acid , Tocopheryl Acetate , Polymethyl Methacrylate , Acrylates/C10-30 Alkyl Acrylate Crosspolymer , Trehalose , Zinc Pca , Aminopropyl Ascorbyl Phosphate , Propylene Glycol Dicaprylate , Cholesterol/Potassium Sulfate , Decarboxy Carnosine Hcl , Maltodextrin , Ergothioneine , Polyaminopropyl Biguanide , Carbomer , Hydrogenated Starch Hydrolysate , Citric Acid , Sodium Hydroxide , Disodium Edta , Bht , Phenoxyethanol , Iron Oxides (Ci 77491, Ci 77492, Ci 77499) , Titanium Dioxide (Ci 77891) , Mica",0,0,0,0,0
1260,Eye cream,KIEHL'S SINCE 1851,Powerful-Strength Line-Reducing Eye-Brightening Concentrate,44,3.1,"Propylene Glycol Cyclopentasiloxane Ascorbic Acid Glycerin Cetyl Peg/Ppg-10/1 Dimethicone Dimethicone Crosspolymer Aqua, Water Lauroyl Lysine Acrylates Copolymer Escin Silica Dimethyl Silylate Adenosine N-Hydroxysuccinimide Palmitoyl Oligopeptide Chrysin Palmitoyl Tetrapeptide-7.",1,1,1,1,0
1264,Eye cream,SK-II,Ultimate Revival Eye Cream,195,3.0,"Water, Galactomyces Ferment Filtrate*, Glycerin, Niacinamide, Isopropyl Isostearate, Isohexadecane, Butylene Glycol, Caprylic/Capric Triglyceride, Pentylene Glycol, Dimethicone, Stearyl Alcohol, Inositol, Petrolatum, Polyacrylamide, Cetyl Alcohol, Vinyl Dimethicone/Methicone Silsesquioxane Crosspolymer, Behenyl Alcohol, C13-14 Isoparaffin, Panthenol, Tocopheryl Acetate, Titanium Dioxide, Benzyl Alcohol, Polymethylsilsesquioxane, Dimethiconol, Methylparaben, Cetearyl Alcohol, Cetearyl Glucoside, Laureth-7, PEG-100 Stearate, Stearic Acid, Xanthan Gum, Disodium EDTA, Crithmum Maritimum Extract, Propylparaben, Ethylparaben, Palmaria Palmata Extract, Oryza Sativa (Rice) Bran Extract, Peg-7 Glyceryl Cocoate, Sodium Hydroxide, Fragrance, Polyquaternium-7, Litchi Chinensis Pericarp Extract, Saccharomyces Cerevisiae Extract, Palmitoyl Dipeptide-7, Methylsilanol Tri-PEG-8 Glyceryl Cocoate, Methicone, Hexapeptide-3, Ci 77492. *Pitera.",0,1,1,0,1
1266,Eye cream,KIEHL'S SINCE 1851,Clearly Corrective™ Dark Circle Perfector,38,3.6,"Water, Cyclopentasiloxane, Isododecane, Dimethicone, Glycerin, Nylon-12, Peg-9 Polydimethylsiloxyethyl Dimethicone, Butylene Glycol, Cyclohexasiloxane, Silica, Dimethicone Crosspolymer, Disteardimonium Hectorite, 3-O-Ethyl Ascorbic Acid, Zinc Pca, Peg-10 Dimethicone, Cetyl Peg/Ppg-10/1 Dimethicone, Phenoxyethanol, Sodium Chloride, Polyglyceryl-4 Isostearate, Caprylyl Glycol, Ethylhexylglycerin, Chlorphenesin, Disodium Stearoyl Glutamate, Caffeine, Peg-9, Glycyrrhiza Glabra (Licorice) Root Extract, Aluminum Hydroxide, May Contain, Titanium Dioxide, Iron Oxides, Mica.",1,1,1,1,1
1293,Eye cream,ESTÉE LAUDER,DayWear Eye Cooling Anti-Oxidant Moisture GelCreme,40,3.7,"Daywear Eye Jelly Division: El (Estee Lauder)Ingredients: Water , Dimethicone , Butylene Glycol , Trisiloxane , Glycerin , Ammonium Acryloyldimethyltaurate/Vp Copolymer , Trehalose , Sucrose , Algae Extract , Cucumis Sativus (Cucumber) Fruit Extract , Ascophyllum Nodosum Extract , Asparagopsis Armata Extract , Ergothioneine , Thermus Thermophillus Ferment , Dipotassium Glycyrrhizate , Sodium Hyaluronate , Caffeine , Artemia Extract , Acetyl Glucosamine , Palmaria Palmata Extract , Hydrolyzed Rice Extract , Lauryl Pca , Oleth-10 , Lauryl Peg-9 Polydimethylsiloxyethyl Dimethicone , Sorbitol , Sodium Pca , Urea , Tetrahexyldecyl Ascorbate , Tocopheryl Acetate , Carbomer , Citric Acid , Polyquaternium-51 , Ethylbisiminomethylguaiacol Manganese Chloride , Potassium Sorbate , Cyclodextrin , Tromethamine , Disodium Edta , Bht , Phenoxyethanol , Yellow 5 (Ci 19140) , Blue 1 (Ci 42090)",1,1,1,1,0
